"","SMILES","drug name"
"1","CC(C)NC[C@@H](COc1ccc(cc1)CC(=N)O)O","(-)-atenolol"
"2","c1cc(c(cc1[C@@H]1[C@H](Cc2c(cc(cc2O1)O)O)O)O)O","(-)-catechin"
"3","CC(C)NC[C@@H](c1ccc(c(c1)O)O)O","(-)-isoprenaline"
"4","C[C@@]12c3ccccc3C[C@@H](c3ccccc13)N2.C(=C\C(=O)O)\C(=O)O","(-)-MK-801"
"5","c1ccc2c(c1)ccc1c2ccc2C(=O)C=CC(=O)c12","1,4-chrysenequinone"
"6","c1cc2c(ccnc2O)c(c1)O","1,5-isoquinolinediol"
"7","CC1=NCCc2c3cc(ccc3[nH]c12)OC","10-methoxyharmalan"
"8","CCCCC(C)(C)[C@@H](/C=C/[C@H]1CCC(=O)[C@@H]1C/C=C\CCCC(=O)O)O","11-deoxy-16,16-dimethylprostaglandin E2"
"9","CCCCCC1C(C/C=C\CCCCCCCC(=O)O)O1","12,13-EODE"
"10","CCCCC/C=C/C=C/1\[C@@H](C/C=C\CCCC(=O)O)C=CC1=O","15-delta prostaglandin J2"
"11","CCCCC[C@@](C)(/C=C/[C@@H]1[C@@H](C/C=C\CCCC(=O)O)C(=O)C[C@H]1O)O","15(S)-15-methylprostaglandin E2"
"12","C(=C\C[C@@H]1[C@@H](/C=C/[C@H](Cc2ccccc2)O)[C@@H](CC1=O)O)\CCCC(=O)O","16-phenyltetranorprostaglandin E2"
"13","c1ccc(c(c1)N)S(=O)(=O)N","2-aminobenzenesulfonamide"
"14","C[C@H]1CCC[C@@H](C)N1.Cl","2,6-dimethylpiperidine"
"15","CC(=Nc1cc2ccccc2oc1=O)O","3-acetamidocoumarin"
"16","CC(=O)c1cc2ccccc2oc1=O","3-acetylcoumarin"
"17","c1cc(cc(c1)N)C(=N)O","3-aminobenzamide"
"18","C(CN(=O)=O)C(=O)O","3-nitropropionic acid"
"19","Cc1c(c(=O)n(c2ccccc2)n1C)O","4-hydroxyphenazone"
"20","c1ccc(cc1)Nc1cc2c(cc1Nc1ccccc1)C(=O)N=C2O","4,5-dianilinophthalimide"
"21","c1ccc(cc1)CNc1c2c(ncn2)[nH]cn1","6-benzylaminopurine"
"22","c1ccc2c(c1)c(c(c1c3ccc(cc3[nH]c1O)Br)[nH]2)N=O","6-bromoindirubin-3'-oxime"
"23","CC(=O)OCC1=C(C(=O)O)N2C(=O)[C@H]([C@H]2SC1)N","7-aminocephalosporanic acid"
"24","c12c([nH]c(=N)nc1O)[nH]nn2","8-azaguanine"
"25","COc1ccc(cc1)c1cc(=O)c2c(cc(cc2o1)O)O","acacetin"
"26","CCCC(=Nc1ccc(c(c1)C(=O)C)OCC(CNC(C)C)O)O.Cl","acebutolol"
"27","c1ccc(c(c1)CC(=O)OCC(=O)O)Nc1c(cccc1Cl)Cl","aceclofenac"
"28","Cc1c(CC(=O)OCC(=O)O)c2cc(ccc2n1C(=O)c1ccc(cc1)Cl)OC","acemetacin"
"29","CC(=O)CC(c1ccc(cc1)N(=O)=O)c1c(c2ccccc2oc1=O)O","acenocoumarol"
"30","CC(=O)c1ccc2c(c1)N(CCCN(C)C)c1ccccc1S2.C(=C\C(=O)O)\C(=O)O","acepromazine"
"31","CC(=Nc1nnc(s1)S(=O)(=O)N)O","acetazolamide"
"32","CC(=O)c1ccc(cc1)S(=O)(=O)NC(=NC1CCCCC1)O","acetohexamide"
"33","CC(=O)Oc1ccccc1C(=O)Oc1ccccc1C(=O)O","acetylsalicylsalicylic acid"
"34","C(COCn1cnc2c1[nH]c(=N)nc2O)O","aciclovir"
"35","CCN1C[C@]2(COC)[C@@H](C[C@@H]([C@@]34[C@@H]5C[C@]6([C@@H]([C@@H]5[C@@]([C@@H]([C@@H]([C@H]23)OC)C14)([C@H]([C@@H]6OC)O)OC(=O)C)OC(=O)c1ccccc1)O)OC)O","aconitine"
"36","C([C@@H]1[C@H]([C@H]([C@H](n2cnc3c(N)ncnc23)O1)O)O)OP(=O)(O)O.O","adenosine phosphate"
"37","CCN(CC)CCOC(=O)C(c1ccccc1)c1ccccc1.Cl","adiphenine"
"38","C(CCC(=Nc1c(cc(c(c1I)C(=O)O)I)I)O)CC(=Nc1c(cc(c(c1I)C(=O)O)I)I)O","adipiodone"
"39","C[C@]12CCC(=O)C=C1CC[C@H]1[C@@H]3CCC(=O)[C@@]3(C)CC(=O)[C@H]21","adrenosterone"
"40","CC(C)Oc1ccc2c(c1)oc1ccc(cc1c2=O)C(=O)O","AH-6809"
"41","CC[C@H]1[C@@H]2C[C@H]3[C@H]4[C@@]5(C[C@@H]([C@H]2[C@H]5O)N3[C@@H]1O)c1ccccc1N4C","ajmaline"
"42","CCCSc1ccc2c(c1)[nH]c(n2)N=C(O)OC","albendazole"
"43","CCC(=O)OCC(=O)[C@]1([C@H](C)C[C@H]2[C@@H]3[C@@H](CC4=CC(=O)C=C[C@]4(C)[C@H]3[C@H](C[C@]12C)O)Cl)OC(=O)CC","alclometasone"
"44","C=CC[N@+]12CC[C@@]34c5ccccc5N5C=C6[C@H]7C[C@H]8[C@@]9(CC[N@@+]8(CC=C)C/C/7=C/CO)c7ccccc7N(C=C([C@@H](C[C@H]23)/C(=C\CO)/C1)[C@@H]45)[C@@H]69.[Cl-].[Cl-]","alcuronium chloride"
"45","CCCCC(CC)CNC(=N)NC(=N)NCCCCCCNC(=N)NC(=N)NCC(CC)CCCC.Cl.Cl","alexidine"
"46","CC(=O)OCC(=O)[C@H]1CC[C@H]2[C@@H]3CC[C@H]4C[C@@H](CC[C@]4(C)[C@H]3C(=O)C[C@]12C)O","alfadolone"
"47","CC(=O)[C@H]1CC[C@H]2[C@@H]3CC[C@H]4C[C@@H](CC[C@]4(C)[C@H]3C(=O)C[C@]12C)O","alfaxalone"
"48","CN(CCCN=C(C1CCCO1)O)c1nc2cc(c(cc2c(=N)[nH]1)OC)OC.Cl","alfuzosin"
"49","CC(CN(C)C)CN1c2ccccc2Sc2ccccc12.CC(CN(C)C)CN1c2ccccc2Sc2ccccc12.[C@H]([C@@H](C(=O)O)O)(C(=O)O)O","alimemazine"
"50","C1(C(=NC(=N1)O)O)NC(=N)O","allantoin"
"51","CC(C)C[C@H]1C(=O)N2CCC[C@H]2[C@]2(N1C(=O)[C@](C(C)C)(N=C([C@@H]1C=C3c4cccc5c4c(C[C@H]3N(C)C1)c[nH]5)O)O2)O","alpha-ergocryptine"
"52","C[C@]12CC[C@@H]3c4ccc(cc4CC[C@H]3[C@@H]1CC[C@H]2O)O","alpha-estradiol"
"53","C=CCc1ccccc1OCC(CNC(C)C)O.Cl","alprenolol"
"54","CCCCC[C@@H](/C=C/[C@@H]1[C@@H](CCCCCCC(=O)O)C(=O)C[C@H]1O)O","alprostadil"
"55","CCCCC[C@@H](/C=C/[C@@H]1[C@@H](CCCCCCC(=O)O)C(=O)C[C@H]1O)O","alprostadil"
"56","c1ccc2c(c1)c1c(CC(=N2)O)c2cc(ccc2[nH]1)N(=O)=O","alsterpaullone"
"57","C=CCSCC1Nc2cc(c(cc2S(=O)(=O)N1)S(=O)(=O)N)Cl","altizide"
"58","CN(C)c1nc(nc(n1)N(C)C)N(C)C","altretamine"
"59","CCN(CCCc1ccccc1)CCCc1ccccc1.C(C(=O)O)C(CC(=O)O)(C(=O)O)O","alverine"
"60","C1C2CC3CC1CC(C2)(C3)N.C1C2CC3CC1CC(C2)(C3)N.C(=C\C(=O)O)/C(=O)O","amantadine"
"61","C1CC(CCC1NCc1cc(cc(c1N)Br)Br)O.Cl","ambroxol"
"62","C(CN)[C@@H](C(=N[C@@H]1C[C@@H]([C@H]([C@@H]([C@H]1O[C@@H]1[C@@H]([C@H]([C@@H]([C@@H](CO)O1)O)N)O)O)O[C@@H]1[C@@H]([C@H]([C@@H]([C@@H](CN)O1)O)O)O)N)O)O.O","amikacin"
"63","c1(c(N)nc(c(Cl)n1)N)C(=NC(=N)N)O.Cl.O.O","amiloride"
"64","C(CCC(=O)O)CCN","aminocaproic acid"
"65","CCC1(CCC(=NC1=O)O)c1ccc(cc1)N","aminoglutethimide"
"66","c1cc(ccc1C(=O)NCC(=O)O)N","aminohippuric acid"
"67","Cc1c(c(=O)n(c2ccccc2)n1C)N(C)C","aminophenazone"
"68","Cn1c2c(c(=O)n(C)c1=O)nc[nH]2.Cn1c2c(c(=O)n(C)c1=O)nc[nH]2.C(CN)N","aminophylline"
"69","CCCCc1c(c2ccccc2o1)C(=O)c1cc(c(c(c1)I)OCCN(CC)CC)I.Cl","amiodarone"
"70","CN(C)CCC=C1c2ccccc2CCc2ccccc12.Cl","amitriptyline"
"71","CN(C)CCC=C1c2ccccc2CCc2ccccc12.Cl","amitriptyline"
"72","CCN(CC)Cc1cc(ccc1O)Nc1ccnc2cc(ccc12)Cl.Cl.Cl.O.O","amodiaquine"
"73","c1ccc2c(c1)N=C(c1cc(ccc1O2)Cl)N1CCNCC1","amoxapine"
"74","CC1(C)[C@H](C(=O)O)N2C(=O)[C@H]([C@H]2S1)N=C([C@@H](c1ccc(cc1)O)N)O","amoxicillin"
"75","C[C@H]1C=CC=CC=CC=CC=CC=CC=C[C@@H](C[C@H]2[C@@H]([C@H](C[C@](C[C@H](C[C@H]([C@@H](CC[C@H](C[C@H](CC(=O)O[C@@H](C)[C@H](C)[C@@H]1O)O)O)O)O)O)(O)O2)O)C(=O)O)O[C@H]1[C@H]([C@H]([C@@H]([C@@H](C)O1)O)N)O","amphotericin B"
"76","CC1(C)[C@H](C(=O)O)N2C(=O)[C@H]([C@H]2S1)N=C([C@@H](c1ccccc1)N)O.O.O.O","ampicillin"
"77","CCCc1ncc(C[n+]2ccccc2C)c(=N)[nH]1.[Cl-].Cl","amprolium"
"78","Cc1c(c(=O)n(c2ccccc2)n1C)N","ampyrone"
"79","c1cnccc1c1cc(c(nc1)O)N","amrinone"
"80","CCC(C)(CN(C)C)OC(=O)c1ccccc1.Cl","amylocaine"
"81","C1CCNC(C1)c1cccnc1","anabasine"
"82","C[C@]12CC[C@H](C[C@@H]1CC[C@H]1[C@@H]3CCC(=O)[C@@]3(C)CC[C@H]21)O","androsterone"
"83","CC(=O)O[C@H]1[C@@H](Cc2ccc(cc2)OC)NC[C@@H]1O","anisomycin"
"84","c1ccc(cc1)CN(CC1=NCCN1)c1ccccc1.Cl","antazoline"
"85","CCCCCC[C@@H]1[C@H]([C@H](C)OC(=O)[C@H]([C@@H](C)OC1=O)N=C(c1cccc(c1O)N=CO)O)OC(=O)CC(C)C","antimycin A"
"86","c1cc(ccc1c1cc(=O)c2c(cc(cc2o1)O)O)O","apigenin"
"87","CN1CCc2cccc3c2[C@H]1Cc1ccc(c(c31)O)O","apomorphine"
"88","CN[C@H]1[C@H]([C@@H]2[C@H](C[C@H]([C@@H](O[C@@H]3[C@H](C[C@H]([C@@H]([C@H]3O)O)N)N)O2)N)O[C@@H]1O[C@@H]1[C@@H]([C@H]([C@@H]([C@@H](CO)O1)N)O)O)O","apramycin"
"89","COc1ccc(cc1)CN=C(Nc1ncc(N(=O)=O)s1)O","AR-A014418"
"90","CCCCC/C=C\C/C=C\C/C=C\C/C=C\CCCC(=O)[O-].[Na+]","arachidonic acid"
"91","CCCCC/C=C\C/C=C\C/C=C\C/C=C\CCCC(=O)C(F)(F)F","arachidonyltrifluoromethane"
"92","C(CCNC(=N)N)CNC(=N)N.OS(=O)(=O)O","arcaine"
"93","CN1CCC=C(C1)C(=O)OC.Br","arecoline"
"94","C[C@@H]1CC[C@H]2[C@@H](C)C(=O)O[C@H]3[C@]42[C@H]1CC[C@](C)(O3)OO4","artemisinin"
"95","CCCNC(C)C(=Nc1c(C)csc1C(=O)OC)O.Cl","articaine"
"96","C([C@@H]([C@@H]1C(=C(C(=O)O1)O)O)O)O","ascorbic acid"
"97","C[C@@H]1CC[C@@]2(CC[C@]3(C)C(=CC[C@@H]4[C@@]5(C)C[C@H]([C@@H]([C@@](C)(CO)[C@@H]5CC[C@@]34C)O)O)[C@H]2[C@H]1C)C(=O)O[C@H]1[C@@H]([C@H]([C@@H]([C@@H](CO[C@H]2[C@@H]([C@H]([C@@H]([C@@H](CO)O2)O[C@H]2[C@@H]([C@@H]([C@H]([C@@H](C)O2)O)O)O)O)O)O1)O)O)O","asiaticoside"
"98","COc1ccc(cc1)CCN1CCC(CC1)N=c1[nH]c2ccccc2n1Cc1ccc(cc1)F","astemizole"
"99","c1ccc2c(c1)C(=C(C1CCC(CC1)c1ccc(cc1)Cl)C(=O)C2=O)O","atovaquone"
"100","C[N+]1(CCc2cc(c(cc2C1Cc1ccc(c(c1)OC)OC)OC)OC)CCC(=O)OCCCCCOC(=O)CC[N+]1(C)CCc2cc(c(cc2C1Cc1ccc(c(c1)OC)OC)OC)OC.c1ccc(cc1)S(=O)(=O)[O-].c1ccc(cc1)S(=O)(=O)[O-]","atracurium besilate"
"101","CN1C2CCC1CC(C2)OC(=O)C(CO)c1ccccc1","atropine"
"102","C[N+]1(C)C2CCC1CC(C2)OC(=O)C(CO)c1ccccc1.N(=O)(=O)[O-]","atropine methonitrate"
"103","C([C@@H]1[C@@H]([C@@H](C(n2cnc(=N)nc2O)O1)O)O)O","azacitidine"
"104","c1ccc(cc1)C(c1ccccc1)(C1CCNCC1)O","azacyclonol"
"105","c1ccnc(c1)N1CCN(CCCC(=O)c2ccc(cc2)F)CC1","azaperone"
"106","CCCC1C(=O)n2c3cc(C)ccc3nc(N(C)C)n2C1=O","azapropazone"
"107","Cn1cnc(c1Sc1c2c([nH]cn2)ncn1)N(=O)=O","azathioprine"
"108","CC1(C)[C@H](C(=O)O)N2C(=O)[C@H]([C@H]2S1)N=C([C@@H](c1ccccc1)N=C(N1CCN=C1O)O)O","azlocillin"
"109","C[C@H]1[C@@H](C(=O)N1S(=O)(=O)O)N=C(/C(=N\OC(C)(C)C(=O)O)/c1csc(=N)[nH]1)O","aztreonam"
"110","CCOC(=O)OC(C)OC(=O)[C@H]1C(C)(C)S[C@@H]2[C@@H](C(=O)N12)N=C([C@@H](c1ccccc1)N)O.Cl","bacampicillin"
"111","c1cc(ccc1C(CC(=O)O)CN)Cl","baclofen"
"112","CC(C)(C)NCC(c1cc(cc(c1)OC(=O)N(C)C)OC(=O)N(C)C)O.Cl","bambuterol"
"113","c1ccc2c(c1)c1ccccc1n2CCc1nc2ccccc2[nH]1","BCB000040"
"114","CCC(=O)OCC(=O)[C@]1([C@@H](C)C[C@H]2[C@@H]3CCC4=CC(=O)C=C[C@]4(C)[C@]3([C@H](C[C@]12C)O)Cl)OC(=O)CC","beclometasone"
"115","CCC1(C)CC(=NC(=O)C1)O","bemegride"
"116","c1ccc(cc1)CC1Nc2cc(c(cc2S(=O)(=O)N1)S(=O)(=O)N)C(F)(F)F","bendroflumethiazide"
"117","CC(Cc1cccc(c1)C(F)(F)F)NCCOC(=O)c1ccccc1.Cl","benfluorex"
"118","C/C(=C(\CCOP(=O)(O)O)/SC(=O)c1ccccc1)/N(Cc1cnc(C)[nH]c1=N)C=O","benfotiamine"
"119","c1ccc2c(c1)nc(n2C1CCN(CCCC(=O)c2ccc(cc2)F)CC1)O","benperidol"
"120","c1cc(c(c(c1CNN=C(C(CO)N)O)O)O)O.Cl","benserazide"
"121","c1cc(c(c(c1CNN=C(C(CO)N)O)O)O)O.Cl","benserazide"
"122","c1ccc(cc1)CNC(=N)N=C(c1c(N)nc(c(Cl)n1)N)O.Cl","benzamil"
"123","CCc1c(c2ccccc2o1)C(=O)c1cc(c(c(c1)Br)O)Br","benzbromarone"
"124","CC(C)(C)CC(C)(C)c1ccc(cc1)OCCOCC[N+](C)(C)Cc1ccccc1.[Cl-]","benzethonium chloride"
"125","CCOC(=O)c1ccc(cc1)N","benzocaine"
"126","CCCCNc1ccc(cc1)C(=O)OCCOCCOCCOCCOCCOCCOCCOCCOCCOC","benzonatate"
"127","c1ccc(cc1)CSCC1=Nc2cc(c(cc2S(=O)(=O)N1)S(=O)(=O)N)Cl","benzthiazide"
"128","CN(C)CCCOc1c2ccccc2n(Cc2ccccc2)n1.Cl","benzydamine"
"129","CC1(C)[C@H](C(=O)O)N2C(=O)[C@H]([C@H]2S1)N=C(Cc1ccccc1)[O-].[Na+]","benzylpenicillin"
"130","C[N+](C)(CCOc1ccccc1)Cc1ccccc1.c1ccc2cc(c(cc2c1)C(=O)O)[O-]","bephenium hydroxynaphthoate"
"131","CC(C)COCC(CN(Cc1ccccc1)c1ccccc1)N1CCCC1.Cl","bepridil"
"132","COc1ccc2cc3c4cc5c(cc4CC[n+]3cc2c1OC)OCO5.[Cl-]","berberine"
"133","COc1c(cc2c(c1O)[C@H]1[C@@H]([C@H]([C@@H]([C@@H](CO)O1)O)O)OC2=O)O.O","bergenin"
"134","C/C=C(\C)/C(=O)OC1[C@@H](C2(CO)C(CC1(C)C)C1=CCC3C4(C)CCC([C@](C)(CO)C4CCC3(C)[C@]1(C)C[C@H]2O)O[C@H]1[C@@H]([C@H]([C@@H]([C@@H](C(=O)O)O1)O[C@H]1[C@@H]([C@H]([C@@H]([C@@H](CO)O1)O)O)O)O)O[C@@H]1[C@@H]([C@H]([C@@H]([C@@H](CO)O1)O)O)O)OC(=O)C","beta-escin"
"135","CNCCc1ccccn1.CS(=O)(=O)O.CS(=O)(=O)O","betahistine"
"136","C[C@H]1C[C@H]2[C@@H]3CCC4=CC(=O)C=C[C@]4(C)[C@]3([C@H](C[C@]2(C)[C@]1(C(=O)CO)O)O)F","betamethasone"
"137","CC(C)NCC(COc1ccc(cc1)CCOCC1CC1)O.Cl","betaxolol"
"138","C(CN)c1cc[nH]n1.Cl","betazole"
"139","CC(C[N+](C)(C)C)OC(=N)[O-].Cl","bethanechol"
"140","C[N+]1(C)C[C@@H](C[C@H]1C(=O)[O-])O","betonicine"
"141","C=C(C)[C@@H]1CC[C@@]2(CC[C@]3(C)[C@H](CC[C@@H]4[C@@]5(C)CC[C@@H](C(C)(C)[C@@H]5CC[C@@]34C)O)[C@@H]12)CO","betulin"
"142","C=C(C)[C@@H]1CC[C@@]2(CC[C@]3(C)[C@H](CC[C@@H]4[C@@]5(C)CC[C@@H](C(C)(C)[C@@H]5CC[C@@]34C)O)[C@@H]12)C(=O)[O-]","betulinic acid"
"143","CC(C)(C(=O)O)Oc1ccc(cc1)CCNC(=O)c1ccc(cc1)Cl","bezafibrate"
"144","C(CCC(=O)O)C[C@H]1[C@@H]2[C@H](CS1)N=C(N2)O","biotin"
"145","c1ccc(cc1)C(CCN1CCCCC1)(C1CC2C=CC1C2)O","biperiden"
"146","CC(=O)Oc1ccc(cc1)C(c1ccc(cc1)OC(=O)C)c1ccccn1","bisacodyl"
"147","CC(C)NCC(COc1ccc(cc1)COCCOC(C)C)O","bisoprolol"
"148","CN1CCc2cc(c(c3c4cc(c(cc4C[C@H]1c23)O)OC)OC)O","boldine"
"149","CC[N+](C)(C)Cc1ccccc1Br.Cc1ccc(cc1)S(=O)(=O)[O-]","bretylium tosilate"
"150","CCN[C@H]1CN(CCCOC)S(=O)(=O)c2c1cc(s2)S(=O)(=O)N","brinzolamide"
"151","CC(C)C[C@H]1C(=O)N2CCC[C@H]2[C@]2(N1C(=O)[C@](C(C)C)(N=C([C@@H]1C=C3c4cccc5c4c(C[C@H]3N(C)C1)c(Br)[nH]5)O)O2)O.CS(=O)(=O)O","bromocriptine"
"152","CCN(CC)CCN=C(c1cc(c(cc1OC)N)Br)O","bromopride"
"153","C(CC(=O)c1ccc(cc1)F)CN1CCC(CC1)(c1ccc(cc1)Br)O","bromperidol"
"154","CN(C)CCC(c1ccc(cc1)Br)c1ccccn1.C(=C\C(=O)O)\C(=O)O","brompheniramine"
"155","CCCC1O[C@@H]2C[C@H]3[C@@H]4CCC5=CC(=O)C=C[C@]5(C)[C@H]4[C@H](C[C@]3(C)[C@]2(C(=O)CO)O1)O","budesonide"
"156","CCCCOc1ccc(cc1)CC(=NO)O","bufexamac"
"157","COc1cc(c(C(=O)CCCN2CCCC2)c(c1)OC)OC.Cl","buflomedil"
"158","CCCCNc1cc(cc(c1Oc1ccccc1)S(=O)(=O)N)C(=O)O","bumetanide"
"159","CCCCN1CCCCC1C(=Nc1c(C)cccc1C)O.Cl","bupivacaine"
"160","CC(C(=O)c1cccc(c1)Cl)NC(C)(C)C.Cl","bupropion"
"161","C1CCC2(C1)CC(=O)N(CCCCN1CCN(CC1)c1ncccn1)C(=O)C2.Cl","buspirone"
"162","CCCCN(CCCC)CCCOC(=O)c1ccc(cc1)N","butacaine"
"163","CCCCOC(=O)c1ccc(cc1)N","butamben"
"164","C(=C\C(=O)c1ccc(cc1O)O)/c1ccc(c(c1)O)O","butein"
"165","C(CN)C(C(=NC1CC(C([C@@H]([C@@H]1O)OC1[C@H]([C@@H]([C@@H](CO)O1)O)O)OC1[C@H]([C@H](C(C(CN)O1)O)O)N)N)O)O.OS(=O)(=O)O.OS(=O)(=O)O","butirosin"
"166","C(CN)C(C(=NC1CC(C(C(C1O)OC1C(C(C(CO)O1)O)O)OC1C(C(C(C(CN)O1)O)O)N)N)O)O","butirosin"
"167","c1cc(c(c(c1)Cl)SC(CCc1ccc(cc1)Cl)Cn1ccnc1)Cl.N(=O)(=O)O","butoconazole"
"168","CCCCOC(=O)c1ccc(cc1)O","butyl hydroxybenzoate"
"169","CC(/C=C/c1cccc(c1)Oc1ccc(cc1)F)N(C(=N)O)O","BW-B70C"
"170","CCCCCCCCC1C(C(=C)C(=O)O1)C(=O)O","C-75"
"171","c1cc(c(cc1/C=C/C(=O)O)O)O","caffeic acid"
"172","c1cc(ccc1C(=O)N[C@@H](CCC(=O)[O-])C(=O)O)NCC1CNc2c(c(nc(=N)[nH]2)[O-])N1C=O.[Ca+2]","calcium folinate"
"173","CC(C)(CO)[C@H](C(=NCCC(=O)[O-])[O-])O.CC(C)(CO)[C@H](C(=NCCC(=O)O)O)O.[Ca+2].O","calcium pantothenate"
"174","c1cc(ccc1C(c1ccc(cc1)Cl)n1cc[n+](CC(c2ccc(cc2Cl)Cl)OCc2ccc(cc2Cl)Cl)c1)Cl.[Cl-]","calmidazolium"
"175","COc1ccc2CC3c4cc5c(cc4CCN3Cc2c1OC)OCO5","canadine"
"176","C[C@]12CCC(=O)C=C1C=C[C@@H]1[C@@H]2CC[C@@]2(C)[C@H]1CC[C@]2(CCC(=O)[O-])O.[K+]","canrenoic acid"
"177","C[C@@]12[C@@H]3CC[C@H]([C@@]2(C)C(=O)OC1=O)O3","cantharidin"
"178","CC(C)/C=C/CCCCC(=NCc1ccc(c(c1)OC)O)O","capsaicin"
"179","C[C@H](CS)C(=O)N1CCC[C@H]1C(=O)O","captopril"
"180","C[N+](C)(C)CCOC(=N)[O-].Cl","carbachol"
"181","c1ccc2c(c1)C=Cc1ccccc1N2C(=N)O","carbamazepine"
"182","c1ccc2c(c1)C=Cc1ccccc1N2C(=N)O","carbamazepine"
"183","c1cc(ccc1[As](=O)(O)O)NC(=N)O","carbarsone"
"184","CCOC(=O)n1ccn(C)c1=S","carbimazole"
"185","CN(C)CCOC(c1ccc(cc1)Cl)c1ccccn1.C(=C\C(=O)O)\C(=O)O","carbinoxamine"
"186","C(CN)C(=NCCc1cnc[nH]1)O","carcinine"
"187","CCCC(C)(COC(=N)O)COC(=NC(C)C)O","carisoprodol"
"188","C(CN=C(N(CCCl)N=O)O)Cl","carmustine"
"189","CC(C)(C)NCC(COc1cccc2c1CCC(=N2)O)O.Cl","carteolol"
"190","CCOC(=O)c1ccc(cc1)N=Nc1ccc(c(c1)CC(=O)O)O","CAY-10397"
"191","c1ccc(cc1)[C@H](C(=N[C@@H]1C(=O)N2C(=C(CS[C@H]12)Cl)C(=O)O)O)N","cefaclor"
"192","CC1=C(C(=O)O)N2C(=O)[C@H]([C@H]2SC1)N=C([C@@H](c1ccc(cc1)O)N)O","cefadroxil"
"193","CC1=C(C(=O)O)N2C(=O)[C@H]([C@H]2SC1)N=C([C@@H](c1ccccc1)N)O","cefalexin"
"194","c1cc(CC(=N[C@@H]2C(=O)N3C(=C(C[n+]4ccc(cc4)C(=N)O)CS[C@H]23)C(=O)[O-])O)sc1","cefalonium"
"195","CC(=O)OCC1=C(C(=O)O)N2C(=O)[C@H]([C@H]2SC1)N=C(Cc1cccs1)[O-].[Na+]","cefalotin"
"196","Cn1c(nnn1)SCC1=C(C(=O)O)N2C(=O)[C@H]([C@H]2SC1)N=C([C@@H](c1ccccc1)O)[O-].[Na+]","cefamandole"
"197","C[N+]1(CCCC1)CC1=C(C(=O)[O-])N2C(=O)[C@H]([C@H]2SC1)N=C(/C(=N\OC)/c1csc(=N)[nH]1)O.Cl.Cl.O","cefepime"
"198","Cn1c(nnn1)SCC1=C(C(=O)O)N2C(=O)[C@]([C@H]2SC1)(N=C(CSCC#N)[O-])OC.[Na+]","cefmetazole"
"199","CCN1CCN(C(=O)C1=O)C(=N[C@H](c1ccc(cc1)O)C(=N[C@@H]1C(=O)N2C(=C(CS[C@H]12)CSc1nnnn1C)C(=O)O)O)O.O.O","cefoperazone"
"200","c1ccc(CN)c(c1)CC(=N[C@@H]1C(=O)N2C(=C(CS[C@H]12)CSc1nnnn1CC(=O)O)C(=O)O)O","ceforanide"
"201","CC(=O)OCC1=C(C(=O)O)N2C(=O)[C@H]([C@H]2SC1)N=C(/C(=N\OC)/c1csc(=N)[nH]1)[O-].[Na+]","cefotaxime"
"202","Cn1c(nnn1)SCC1=C(C(=O)O)N2C(=O)[C@]([C@H]2SC1)(N=C(C1SC(=C(C(=O)N)C(=O)O)S1)O)OC","cefotetan"
"203","CN(C)CCn1c(nnn1)SCC1=C(C(=O)O)N2C(=O)[C@H]([C@H]2SC1)N=C(Cc1csc(=N)[nH]1)O","cefotiam"
"204","CO[C@]1(C(=O)N2C(=C(COC(=N)O)CS[C@H]12)C(=O)O)N=C(Cc1cccs1)[O-].[Na+]","cefoxitin"
"205","c1ccc(cc1)[C@H](C(=N[C@@H]1C(=O)N2C(=C(C[n+]3ccc(cc3)C(=N)[O-])CS[C@H]12)C(=O)O)O)S(=O)(=O)[O-].[Na+]","cefsulodin"
"206","CO/N=C(/c1ccco1)\C(=N[C@@H]1C(=O)N2C(=C(COC(=N)O)CS[C@H]12)C(=O)O)[O-].[Na+]","cefuroxime"
"207","CC1=C(C(=O)C=C2C1=CC=C1[C@@]2(C)CC[C@@]2(C)[C@@H]3C[C@@](C)(CC[C@]3(C)CC[C@]12C)C(=O)O)O","celastrol"
"208","Cc1ccc(cc1)c1cc(C(F)(F)F)nn1c1ccc(cc1)S(=O)(=O)N","celecoxib"
"209","CC[C@H]1CN2CCc3cc(c(cc3[C@@H]2C[C@@H]1C[C@@H]1c2cc(c(cc2CCN1)O)OC)OC)OC.Cl.Cl.O.O.O.O.O.O.O","cephaeline"
"210","c1ccc(cc1)C(c1ccc(cc1)Cl)N1CCN(CC1)CCOCC(=O)O.Cl.Cl","cetirizine"
"211","C[C@H](CCC(=O)O)[C@H]1CC[C@H]2[C@H]3[C@H](CC[C@]12C)[C@@]1(C)CC[C@H](C[C@H]1C[C@H]3O)O","chenodeoxycholic acid"
"212","C(Cc1ccc(cc1)N(CCCl)CCCl)CC(=O)O","chlorambucil"
"213","c1cc(ccc1[C@H]([C@@H](CO)N=C(C(Cl)Cl)O)O)N(=O)=O","chloramphenicol"
"214","C(CCCNC(=N)NC(=N)Nc1ccc(cc1)Cl)CCNC(=N)NC(=N)Nc1ccc(cc1)Cl","chlorhexidine"
"215","CN1C(=O)CCS(=O)(=O)C1c1ccc(cc1)Cl","chlormezanone"
"216","c1cc(c(cc1/C=C/C(=O)O[C@@H]1C[C@@](C[C@H]([C@H]1O)O)(C(=O)O)O)O)O","chlorogenic acid"
"217","CN(C)CCN(Cc1ccc(cc1)Cl)c1ccccn1.Cl","chloropyramine"
"218","c1cnc(cn1)Cl","chloropyrazine"
"219","CCN(CC)CCCC(C)Nc1ccnc2cc(ccc12)Cl.OP(=O)(O)O.OP(=O)(O)O","chloroquine"
"220","CN(C)CCC(c1ccc(cc1)Cl)c1ccccn1","chlorphenamine"
"221","c1cc(ccc1Cl)OCC(COC(=N)O)O","chlorphenesin"
"222","CN(C)CCCN1c2ccccc2Sc2ccc(cc12)Cl.Cl","chlorpromazine"
"223","CCCN=C(NS(=O)(=O)c1ccc(cc1)Cl)O","chlorpropamide"
"224","CCCN=C(NS(=O)(=O)c1ccc(cc1)Cl)O","chlorpropamide"
"225","C(N(C([2H])([2H])[2H])CC/C=C\1/c2ccccc2Sc2ccc(cc12)Cl)([2H])([2H])[2H].Cl","chlorprothixene"
"226","c1ccc2c(c1)C(=NC2(c1ccc(c(c1)S(=O)(=O)N)Cl)O)O","chlortalidone"
"227","C[C@@]1([C@H]2C[C@H]3C(C(=O)C(=C([C@]3(C(=O)C2=C(c2c(ccc(c12)Cl)O)O)O)O)C(=N)O)N(C)C)O.Cl","chlortetracycline"
"228","c1cc2c(cc1Cl)nc(O)o2","chlorzoxazone"
"229","c1ccc(cc1)c1cc(=O)c2c(cc(cc2o1)O)O","chrysin"
"230","C[C@H]1C[C@H](C)C(=O)[C@@H](C1)[C@@H](CC1CC(=NC(=O)C1)O)O","cicloheximide"
"231","Cc1cc(C2CCCCC2)n(c(=O)c1)O.C(CO)N","ciclopirox"
"232","C/C=C/C[C@@H](C)[C@H]([C@H]1C(=N[C@@H](CC)C(=O)N(C)CC(=O)N(C)[C@@H](CC(C)C)C(=N[C@@H](C(C)C)C(=O)N(C)[C@@H](CC(C)C)C(=N[C@@H](C)C(=N[C@H](C)C(=O)N(C)[C@@H](CC(C)C)C(=O)N(C)[C@@H](CC(C)C)C(=O)N(C)[C@@H](C(C)C)C(=O)N1C)O)O)O)O)O","ciclosporin"
"233","C/C=C/C[C@@H](C)[C@H]([C@H]1C(=N[C@H](CC)C(=O)N(C)CC(=O)N(C)[C@@H](CC(C)C)C(=N[C@@H](C(C)C)C(=O)N(C)[C@H](CC(C)C)C(=N[C@@H](C)C(=N[C@@H](C)C(=O)N(C)[C@@H](CC(C)C)C(=O)N(C)[C@@H](CC(C)C)C(=O)N(C)[C@H](C(C)C)C(=O)N1C)O)O)O)O)O","ciclosporin"
"234","Cc1c(CSCCNC(=NC)NC#N)[nH]cn1","cimetidine"
"235","CCCCOc1cc(c2ccccc2n1)C(=NCCN(CC)CC)O","cinchocaine"
"236","C=C[C@H]1CN2CC[C@H]1C[C@H]2[C@@H](c1ccnc2ccccc12)O","cinchonidine"
"237","C=C[C@H]1CN2CC[C@H]1C[C@@H]2[C@H](c1ccnc2ccccc12)O","cinchonine"
"238","c1ccc(cc1)/C=C/CN1CCN(CC1)C(c1ccccc1)c1ccccc1","cinnarizine"
"239","CCn1c2cc3c(cc2c(=O)c(C(=O)O)n1)OCO3","cinoxacin"
"240","CC(C)(C(=O)O)Oc1ccc(cc1)C1CC1(Cl)Cl","ciprofibrate"
"241","C1CC1n1cc(c(=O)c2cc(c(cc12)N1CCNCC1)F)C(=O)O.Cl","ciprofloxacin"
"242","COc1cc(c(cc1C(=NC1CCN(CCCOc2ccc(cc2)F)CC1OC)O)Cl)N","cisapride"
"243","CN(C)CCCC1(c2ccc(cc2)F)c2ccc(cc2CO1)C#N.Br","citalopram"
"244","CC(=NC1CCSC1=O)O","citiolone"
"245","COc1cc(c(cc1C(=NC1CCN(CC1)Cc1ccccc1)O)Cl)N.C(=C\C(=O)O)\C(=O)O","clebopride"
"246","C[C@@](c1ccccc1)(c1ccc(cc1)Cl)OCC[C@H]1CCCN1C.C(=C\C(=O)O)/C(=O)O","clemastine"
"247","c1ccc2c(c1)nc(CN1CCCC1)n2Cc1ccc(cc1)Cl.Cl","clemizole"
"248","CC(C)(C)NCC(c1cc(c(c(c1)Cl)N)Cl)O.Cl","clenbuterol"
"249","C[N+]12CCC(CC1)C(C2)OC(=O)C(c1ccccc1)(c1ccccc1)O.[Br-]","clidinium bromide"
"250","CCC[C@@H]1C[C@@H](C(=N[C@H]([C@H](C)Cl)[C@@H]2[C@@H]([C@@H]([C@H]([C@H](O2)SC)O)O)O)O)N(C)C1.Cl","clindamycin"
"251","c1cc2c(cc(c(c2nc1)O)I)Cl","clioquinol"
"252","CCC(=O)O[C@@]1([C@@H](C)C[C@H]2[C@@H]3CCC4=CC(=O)C=C[C@]4(C)[C@]3([C@H](C[C@]12C)O)F)C(=O)CCl","clobetasol"
"253","CC(C)N=c1cc2c(cc1Nc1ccc(cc1)Cl)nc1ccccc1n2c1ccc(cc1)Cl","clofazimine"
"254","CCOC(=O)C(C)(C)Oc1ccc(cc1)Cl","clofibrate"
"255","CCCCCCC[N+](CC)(CC)CCCCc1ccc(cc1)Cl.Cc1ccc(cc1)S(=O)(=O)[O-]","clofilium tosylate"
"256","CCN(CC)CCOc1ccc(cc1)/C(=C(/c1ccccc1)\Cl)/c1ccccc1","clomifene"
"257","CN(C)CCCN1c2ccccc2CCc2ccc(cc12)Cl.Cl","clomipramine"
"258","c1cc(c(c(c1)Cl)NC1=NCCN1)Cl.Cl","clonidine"
"259","CC1CCCC(C)N1N=C(c1ccc(c(c1)S(=O)(=O)N)Cl)O","clopamide"
"260","C#CCN(C)CCCOc1ccc(cc1Cl)Cl.Cl","clorgiline"
"261","c1c(c(cc(c1N)S(=O)(=O)N)S(=O)(=O)N)C(=C(Cl)Cl)Cl","clorsulon"
"262","c1ccc(cc1)C(c1ccccc1)(c1ccccc1Cl)n1ccnc1","clotrimazole"
"263","Cc1c(c(c2ccccc2Cl)no1)C(=N[C@@H]1C(=O)N2[C@@H](C(=O)O)C(C)(C)S[C@H]12)[O-].[Na+]","cloxacillin"
"264","CN1CCN(CC1)C1=Nc2cc(ccc2Nc2ccccc12)Cl","clozapine"
"265","CC(=N[C@H]1CCc2cc(c(c(c2c2ccc(c(=O)cc12)OC)OC)OC)OC)O","colchicine"
"266","CC(=N[C@H]1CCc2cc(c(c(c2c2ccc(c(=O)cc12)OC)OC)OC)OC)O","colchicine"
"267","CC(C)CCC[C@@H](C)[C@H]1CC[C@H]2/C(=C/C=C\3/C[C@H](CCC3=C)O)/CCC[C@]12C","colecalciferol"
"268","C=C[C@@]1(C)CC(=O)[C@@]2([C@@]3(C)[C@H](CCC(C)(C)[C@@H]3[C@@H]([C@@H]([C@@]2(C)O1)OC(=O)C)O)O)O","colforsin"
"269","CCC(C)CCCC(=N[C@@H](CCN)C(=N[C@@H]([C@@H](C)O)C(=N[C@@H](CCN)C(=N[C@H]1CCN=C([C@H]([C@@H](C)O)N=C([C@H](CCN)N=C([C@H](CCN)N=C([C@H](CC(C)C)N=C([C@@H](CC(C)C)N=C([C@H](CCN)N=C1O)O)O)O)O)O)O)O)O)O)O.OS(=O)(=O)O","colistin"
"270","C[C@H]1[C@H]2CC[C@H]3[C@@H]4CC=C5C[C@H](CC[C@]5(C)[C@H]4CC[C@]23CN1C)N(C)C","conessine"
"271","CN1[C@H]2CC[C@@H]1CC(C2)OC(=O)c1ccc(c(c1)OC)OC.Cl","convolamine"
"272","[Cu+2].[O-]S(=O)(=O)[O-].O.O.O.O.O","copper sulfate"
"273","Cc1c2cc(c(cc2cc2c3cc(c(cc3cc[n+]12)OC)OC)OC)OC.[Cl-].O","coralyne"
"274","C[C@@H]([C@@H](c1ccc(c(c1)O)O)O)N","corbadrine"
"275","C[C@]12CCC(=O)C=C1CC[C@H]1[C@@H]3CC[C@H](C(=O)CO)[C@@]3(C)C[C@@H]([C@H]21)O","corticosterone"
"276","C[C@]12CCC(=O)C=C1CC[C@H]1[C@@H]3CC[C@](C(=O)CO)([C@@]3(C)CC(=O)[C@H]21)O","cortisone"
"277","COC(=O)[C@H]1[C@H]2C[C@H]3c4c(CCN3C[C@@H]2CC[C@@H]1O)c1ccccc1[nH]4.Cl","corynanthine"
"278","CN1[C@@H](CCC1=O)c1cccnc1","cotinine"
"279","CC(C)c1nnc2ccc(cn12)c1c(c2cc(ccc2F)F)nco1","CP-863187"
"280","CC(C)(C)c1nnc2ccc(cn12)c1c(c2cc(c(cc2F)F)F)nco1","CP-944629"
"281","c1cc(c2c(=O)cc(C(=O)[O-])oc2c1)OCC(COc1cccc2c1c(=O)cc(C(=O)[O-])o2)O.[Na+].[Na+]","cromoglicic acid"
"282","C/C=C/C(=O)N(CC)c1ccccc1C","crotamiton"
"283","C1[C@@H]2[C@@H](C([C@H](n3cnc4c(N)ncnc34)O2)O)OP(=O)(O)O1","cyclic adenosine monophosphate"
"284","CN1CCN(CC1)C(c1ccccc1)c1ccccc1.Cl","cyclizine"
"285","CN(C)CCC=C1c2ccccc2C=Cc2ccccc12.Cl","cyclobenzaprine"
"286","C1CCC(C1)CC1Nc2cc(c(cc2S(=O)(=O)N1)S(=O)(=O)N)Cl","cyclopenthiazide"
"287","CN(C)CCOC(=O)C(c1ccccc1)C1(CCCC1)O.Cl","cyclopentolate"
"288","C1[C@H](C(=NO1)O)N","cycloserine"
"289","CN1CCC(=C2c3ccccc3C=Cc3ccccc23)CC1.Cl","cyproheptadine"
"290","CC(=O)[C@]1(CC[C@H]2[C@@H]3C=C(C4=CC(=O)[C@@H]5C[C@@H]5[C@]4(C)[C@H]3CC[C@]12C)Cl)OC(=O)C","cyproterone"
"291","c1cc2C3CC(CNC3)Cn2c(=O)c1","cytisine"
"292","C[C@@H]1CCC[C@H](C=CC(=O)O[C@]23[C@@H](C=CC1)[C@@H](C(=C)[C@@H](C)[C@H]2[C@H](Cc1ccccc1)N=C3O)O)O","cytochalasin B"
"293","CN(C)/N=N/c1c(C(=O)N)nc[nH]1","dacarbazine"
"294","C#C[C@@]1(CC[C@H]2[C@@H]3CCC4=Cc5c(C[C@]4(C)[C@H]3CC[C@]12C)cno5)O","danazol"
"295","c1cc(ccc1c1ccc(/C=N/N2CC(=NC2=O)[O-])o1)N(=O)=O.[Na+]","dantrolene"
"296","c1cc(ccc1N)S(=O)(=O)c1ccc(cc1)N","dapsone"
"297","C[C@H]1[C@H]([C@H](C[C@@H](O1)O[C@H]1C[C@@](Cc2c1c(c1c(C(=O)c3cccc(c3C1=O)OC)c2O)O)(C(=O)C)O)N)O.Cl","daunorubicin"
"298","c1ccc2CN(CCc2c1)C(=N)N","debrisoquine"
"299","C[N+](C)(C)CCCCCCCCCC[N+](C)(C)C.[Br-].[Br-]","decamethonium bromide"
"300","CC(=O)N(CCCCCN=C(CCC(=O)N(CCCCCN=C(CCC(=O)N(CCCCCN)O)O)O)O)O.CS(=O)(=O)O","deferoxamine"
"301","C[C@H](CCC(=O)O)[C@H]1CC[C@H]2[C@H]3[C@H](CC(=O)[C@]12C)[C@@]1(C)CCC(=O)C[C@H]1CC3=O","dehydrocholic acid"
"302","CCN1C[C@@]2(CC[C@@H]([C@@]34[C@@H]5C[C@@H]6[C@H](C[C@@]([C@H]5[C@H]6OC)([C@@]([C@H]([C@H]23)OC)(C14)O)O)OC)O)COC","delsoline"
"303","CN(CCCCCCCCCCN(C)C(=O)Oc1cccc(c1)[N+](C)(C)C)C(=O)Oc1cccc(c1)[N+](C)(C)C.[Br-].[Br-]","demecarium bromide"
"304","CN(C)[C@H]1[C@@H]2C[C@H]3C(=C(c4c(ccc(c4[C@H]3O)Cl)O)O)C(=O)[C@@]2(C(=C(C1=O)C(=N)O)O)O.Cl","demeclocycline"
"305","CNC1CCc2cc(c(c(c2c2ccc(c(=O)cc12)OC)OC)OC)OC","demecolcine"
"306","CC[N+](CC)(Cc1ccccc1)CC(=Nc1c(C)cccc1C)[O-].c1ccc(cc1)C(=O)O","denatonium benzoate"
"307","CN1C2CCC1CC(C2)OC1c2ccccc2CCc2ccccc12.C(C(=O)O)C(CC(=O)O)(C(=O)O)O","deptropine"
"308","C=C[C@H]([C@H]1[C@H](/C=C/[C@H]2[C@H]([C@@H](C)O)O2)O1)O","depudecin"
"309","Cc1cc(=N)c2ccccc2n1CCCCCCCCCCn1c(C)cc(=N)c2ccccc12.Cl.Cl","dequalinium chloride"
"310","CNCCCN1c2ccccc2CCc2ccccc12.Cl","desipramine"
"311","C[C@]12CCC(=O)C=C1CC[C@H]1[C@@H]3CC[C@H](C(=O)CO)[C@@]3(C)CC[C@H]21","desoxycortone"
"312","C[C@@H]1C[C@H]2[C@@H]3CCC4=CC(=O)C=C[C@]4(C)[C@]3([C@H](C[C@]2(C)[C@]1(C(=O)CO)O)O)F","dexamethasone"
"313","C[C@@H]1C[C@H]2[C@H]3CCC4=CC(=O)C=C[C@]4(C)[C@]3([C@H](C[C@]2(C)[C@]1(C(=O)COC(=O)C)O)O)F","dexamethasone"
"314","CC(C)(CO)[C@H](C(=NCCCO)O)O","dexpanthenol"
"315","CC(C)NCC(COc1cccc2ccccc12)O.Cl","dexpropranolol"
"316","CN1CC[C@@]23CCCC[C@@H]2[C@@H]1Cc1ccc(cc31)OC.Br.O","dextromethorphan"
"317","CC1=Nc2ccc(cc2S(=O)(=O)N1)Cl","diazoxide"
"318","c1ccc(c(c1)CC(=O)[O-])Nc1c(cccc1Cl)Cl.[Na+]","diclofenac"
"319","c1c(cc(c(c1Cl)Cl)S(=O)(=O)N)S(=O)(=O)N","diclofenamide"
"320","Cc1c(c(c2c(cccc2Cl)Cl)no1)C(=N[C@@H]1C(=O)N2[C@@H](C(=O)O)C(C)(C)S[C@H]12)[O-].[Na+]","dicloxacillin"
"321","c1ccc2c(c1)c(c(Cc1c(c3ccccc3oc1=O)O)c(=O)o2)O","dicoumarol"
"322","CCN(CC)CCOC(=O)C1(CCCCC1)C1CCCCC1.Cl","dicycloverine"
"323","C/C=C(\c1ccc(cc1)O)/C(=C/C)/c1ccc(cc1)O","dienestrol"
"324","CCN(CC)C(=O)N1CCN(C)CC1.C(C(=O)O)C(CC(=O)O)(C(=O)O)O","diethylcarbamazine"
"325","CC/C(=C(/CC)\c1ccc(cc1)O)/c1ccc(cc1)O","diethylstilbestrol"
"326","c1ccc(cc1)C(CCCN1CCCCC1)(c1ccccc1)O.Cl","difenidol"
"327","C[C@H]1C[C@H]2[C@@H]3C[C@@H](C4=CC(=O)C=C[C@]4(C)[C@]3([C@H](C[C@]2(C)[C@]1(C(=O)COC(=O)C)OC(=O)C)O)F)F","diflorasone"
"328","c1cc(c(cc1c1ccc(cc1F)F)C(=O)O)O","diflunisal"
"329","C[C@]12CC[C@@H](C[C@H]1CC[C@@H]1[C@@H]2CC[C@]2(C)[C@H](CC[C@]12O)C1=CC(=O)OC1)O","digitoxigenin"
"330","C[C@]12CC[C@@H](C[C@H]1CC[C@@H]1[C@@H]2C[C@H]([C@]2(C)[C@H](CC[C@]12O)C1=CC(=O)OC1)O)O","digoxigenin"
"331","C[C@@H]1[C@H]([C@H](C[C@@H](O1)O[C@@H]1[C@@H](C)O[C@H](C[C@@H]1O)O[C@@H]1[C@@H](C)O[C@H](C[C@@H]1O)O[C@H]1CC[C@@]2(C)[C@H](CC[C@@H]3[C@@H]2C[C@H]([C@]2(C)[C@H](CC[C@]32O)C2=CC(=O)OC2)O)C1)O)O","digoxin"
"332","CC(C)[C@@]1(C(=O)N2[C@@H](Cc3ccccc3)C(=O)N3CCC[C@H]3[C@]2(O)O1)N=C([C@@H]1C[C@@H]2c3cccc4c3c(C[C@H]2N(C)C1)c[nH]4)O.CS(=O)(=O)O","dihydroergocristine"
"333","C[C@@]1(C(=O)N2[C@@H](Cc3ccccc3)C(=O)N3CCC[C@H]3[C@]2(O)O1)N=C([C@@H]1C[C@@H]2c3cccc4c3c(C[C@H]2N(C)C1)c[nH]4)O.C[C@@]1(C(=O)N2[C@@H](Cc3ccccc3)C(=O)N3CCC[C@H]3[C@]2(O)O1)N=C([C@@H]1C[C@@H]2c3cccc4c3c(C[C@H]2N(C)C1)c[nH]4)O.[C@@H]([C@H](C(=O)O)O)(C(=O)O)O","dihydroergotamine"
"334","C[C@H]1[C@](CO)([C@H]([C@@H](O1)O[C@@H]1[C@H]([C@@H]([C@H]([C@@H]([C@H]1O)O)NC(=N)N)O)NC(=N)N)O[C@H]1[C@H]([C@@H]([C@H]([C@H](CO)O1)O)O)NC)O.OS(=O)(=O)O","dihydrostreptomycin"
"335","COc1cc(cc(c1OC)OC)C(=O)OCCCN1CCCN(CCCOC(=O)c2cc(c(c(c2)OC)OC)OC)CC1.Cl.Cl","dilazep"
"336","CN(c1ccc(cc1)OC(=O)c1ccco1)C(=O)C(Cl)Cl","diloxanide"
"337","CC(=O)O[C@@H]1[C@H](c2ccc(cc2)OC)Sc2ccccc2N(CCN(C)C)C1=O.Cl","diltiazem"
"338","CN(C)CCOC(c1ccccc1)c1ccccc1.Cn1c2c(c(=O)n(C)c1=O)nc(Cl)[nH]2","dimenhydrinate"
"339","CC1(C)C(=NC(=O)O1)O","dimethadione"
"340","COC(=O)CNC(=O)C(=O)OC","dimethyloxalylglycine"
"341","CCCCC[C@@H](/C=C/[C@@H]1[C@@H](C/C=C\CCCC(=O)O)[C@H](C[C@H]1O)O)O.C(C(CO)(CO)N)O","dinoprost"
"342","CCCCC[C@@H](/C=C/[C@@H]1[C@@H](C/C=C\CCCC(=O)O)C(=O)C[C@H]1O)O","16,16-dimethylprostaglandin E2"
"343","COc1ccc(c(c1)O)C(=O)c1ccccc1O","dioxybenzone"
"344","c1ccc(cc1)N=C(O)OCC(CN1CCCCC1)OC(=Nc1ccccc1)O.Cl","diperodon"
"345","C[N+]1(C)CCC(=C(c2ccccc2)c2ccccc2)CC1.COS(=O)(=O)[O-]","diphemanil metilsulfate"
"346","CN(C)CCOC(c1ccccc1)c1ccccc1.Cl","diphenhydramine"
"347","CN1CCC(CC1)OC(c1ccccc1)c1ccccc1.Cl","diphenylpyraline"
"348","CC(C)(C)C(=O)Oc1ccc(cc1OC(=O)C(C)(C)C)C(CNC)O.Cl","dipivefrine"
"349","Cn1c2c(c(=O)n(C)c1=O)n(CC(CO)O)cn2","diprophylline"
"350","C1CCN(CC1)c1c2c(c(nc(n2)N(CCO)CCO)N2CCCCC2)nc(n1)N(CCO)CCO","dipyridamole"
"351","CC[C@@H]1[C@](C)([C@H]2[C@@H](C)[C@H]([C@H](C)C[C@](C)([C@@H]([C@@H](C)[C@@H]([C@@H](C)C(=O)O1)O[C@H]1C[C@](C)([C@H]([C@H](C)O1)O)OC)O[C@H]1[C@@H]([C@H](C[C@@H](C)O1)N(C)C)O)O)N[C@@H](COCCOC)O2)O","dirithromycin"
"352","CC(C)N(CCC(c1ccccc1)(c1ccccn1)C(=N)O)C(C)C","disopyramide"
"353","CCN(CC)C(=S)SSC(=S)N(CC)CC","disulfiram"
"354","CC(C)CCC[C@@H](C)CCC[C@@H](C)CCC[C@]1(C)CCc2c(C)c(c(C)c(C)c2O1)O","dl-alpha tocopherol"
"355","CCCCCCCCCCCCCCCC(=N[C@H](CN1CCOCC1)[C@@H](c1ccccc1)O)O.Cl","DL-PPMP"
"356","c1ccc(cc1)CC(CS)C(=NCC(=O)O)O","DL-thiorphan"
"357","CC(CCc1ccc(cc1)O)NCCc1ccc(c(c1)O)O.Cl","dobutamine"
"358","c1ccc2c(c1)nc(n2CCCN1CCC(CC1)n1c2ccc(cc2nc1O)Cl)O.C(=C\C(=O)O)\C(=O)O","domperidone"
"359","c1cc(c(cc1CCN)O)O.Cl","dopamine"
"360","CCN[C@H]1C[C@H](C)S(=O)(=O)c2c1cc(s2)S(=O)(=O)N.Cl","dorzolamide"
"361","CN(C)CC/C=C\1/c2ccccc2CSc2ccccc12.Cl","dosulepin"
"362","COc1cc2c(cc1OC)nc([nH]c2=N)N1CCN(CC1)C(=O)C1COc2ccccc2O1.CS(=O)(=O)O","doxazosin"
"363","CN(C)CC/C=C/1\c2ccccc2COc2ccccc12.Cl","doxepin"
"364","C[C@H]1[C@H]([C@H](C[C@@H](O1)O[C@H]1C[C@@](Cc2c1c(c1c(C(=O)c3cccc(c3C1=O)OC)c2O)O)(C(=O)CO)O)N)O.Cl","doxorubicin"
"365","C[C@H]1c2cccc(c2C(=C2[C@@H]1[C@@H]([C@H]1[C@@H](C(=O)C(=C([C@]1(C2=O)O)O)C(=N)O)N(C)C)O)O)O.Cl","doxycycline"
"366","CC(c1ccccc1)(c1ccccn1)OCCN(C)C.C(CC(=O)O)C(=O)O","doxylamine"
"367","CCN(CC)CCOC(=O)C(c1ccccc1)C1CCCCC1.Cl","drofenine"
"368","c1ccc2c(c1)nc(n2C1=CCN(CCCC(=O)c2ccc(cc2)F)CC1)O","droperidol"
"369","c1ccc(cc1)N1CCN(CC1)CC(CO)O","dropropizine"
"370","CCCCOc1ccc(cc1)C(=O)CCN1CCCCC1.Cl","dyclonine"
"371","CC(=O)[C@H]1CC[C@H]2[C@@H]3C=CC4=CC(=O)CC[C@@]4(C)[C@@H]3CC[C@]12C","dydrogesterone"
"372","c1ccc(cc1)n1c(=O)c2ccccc2[se]1","ebselen"
"373","c1cc(ccc1COC(Cn1ccnc1)c1ccc(cc1Cl)Cl)Cl.N(=O)(=O)O","econazole"
"374","CC[N+](C)(C)c1cccc(c1)[O-].Cl","edrophonium chloride"
"375","Cc1c2cnccc2c(C)c2c1c1ccccc1[nH]2","ellipticine"
"376","CC[C@H]1CN2CCc3cc(c(cc3[C@@H]2C[C@@H]1C[C@@H]1c2cc(c(cc2CCN1)OC)OC)OC)OC.Cl.Cl","emetine"
"377","CCOC(=O)[C@H](CCc1ccccc1)N[C@@H](C)C(=O)N1CCC[C@H]1C(=O)O","enalapril"
"378","C=CCOC(Cn1ccnc1)c1ccc(cc1Cl)Cl","enilconazole"
"379","CCn1cc(c(=O)c2cc(c(nc12)N1CCNCC1)F)C(=O)O","enoxacin"
"380","C[C@]12CC[C@@H](C[C@@H]1CC[C@H]1[C@@H]3CCC(=O)[C@@]3(C)CC[C@H]21)O","epiandrosterone"
"381","Cc1cc(nc(n1)n1c(cc(C)n1)OC)OC","epirizole"
"382","C[C@]12CC[C@H]3[C@@H](CC[C@H]4C[C@H]5[C@@H](C[C@]34C)S5)[C@@H]1CC[C@@H]2O","epitiostanol"
"383","CC[C@]12CCCN3CCc4c5ccccc5n(c4[C@H]23)[C@@](C1)(C(=O)OC)O","epivincamine"
"384","C[C@]12CC[C@@H]3c4ccc(cc4CC=C3[C@@H]1CCC2=O)O","equilin"
"385","CC(C)[C@@H](C)/C=C/[C@@H](C)[C@H]1CC[C@H]2/C(=C/C=C\3/C[C@H](CCC3=C)O)/CCC[C@]12C","ergocalciferol"
"386","CC[C@@H]1[C@](C)([C@@H]([C@@H](C)C(=O)[C@H](C)C[C@](C)([C@@H]([C@@H](C)[C@@H]([C@@H](C)C(=O)O1)O[C@H]1C[C@](C)([C@H]([C@H](C)O1)O)OC)O[C@H]1[C@@H]([C@H](C[C@@H](C)O1)N(C)C)O)O)O)O","erythromycin"
"387","c1cc(=O)oc2cc(c(cc12)O)O","esculetin"
"388","c1cc(=O)oc2cc(c(cc12)O[C@H]1[C@@H]([C@H]([C@@H]([C@@H](CO)O1)O)O)O)O","esculin"
"389","C[C@]12CC[C@@H]3c4ccc(cc4CC[C@H]3[C@@H]1C[C@H]([C@@H]2O)O)O","estriol"
"390","C[C@]12CC[C@@H]3c4ccc(cc4CC[C@H]3[C@@H]1CCC2=O)O","estrone"
"391","C[C@]12CC[C@@H]3c4ccc(cc4CC[C@H]3[C@@H]1CCC2=O)OS(=O)(=O)O.C1CNCCN1","estropipate"
"392","CCC(=C)C(=O)c1ccc(c(c1Cl)Cl)OCC(=O)O","etacrynic acid"
"393","CCN(CC)C(=O)c1ccc(c(c1)OC)O","etamivan"
"394","c1cc(c(cc1O)S(=O)(=O)O)O.CCNCC","etamsylate"
"395","c1cn(CC(=NCCO)O)c(n1)N(=O)=O","etanidazole"
"396","CCOc1ccc(Cc2c3cc(c(cc3ccn2)OCC)OCC)cc1OCC.Cl","ethaverine"
"397","CCc1cc(ccn1)C(=N)S","ethionamide"
"398","C#C[C@@]1(CC[C@H]2[C@@H]3CCC4=CC(=O)CC[C@]4(C)[C@H]3CC[C@]12C)O","ethisterone"
"399","CCC1(C)CC(=NC1=O)O","ethosuximide"
"400","CCN1C(=O)C(c2ccccc2)N=C1O","ethotoin"
"401","CCOc1ccc2c(c1)C(=CC(C)(C)N2)C","ethoxyquin"
"402","CCc1cc(c(c(c1O)C(=NCC1CCCN1CC)O)OC)Cl.Cl","eticlopride"
"403","CC(O)(P(=O)([O-])[O-])P(=O)(O)O.[Na+].[Na+]","etidronic acid"
"404","CCc1cccc(CC)c1N=C(CN(CC(=O)O)CC(=O)O)O","etifenin"
"405","CCNCC(c1cccc(c1)O)O.Cl","etilefrine"
"406","C[C@]12CC[C@H](C[C@H]1CC[C@H]1[C@@H]3CCC(=O)[C@@]3(C)CCC21)O","etiocholanolone"
"407","CCc1cccc2c3CCOC(CC)(CC(=O)O)c3[nH]c12","etodolac"
"408","c1ccc(c(c1)C(=O)OCCOCCO)Nc1cccc(c1)C(F)(F)F","etofenamate"
"409","Cn1c2c(c(=O)n(C)c1=O)n(CCO)cn2","etofylline"
"410","CCOC(=O)c1cncn1C(C)c1ccccc1","etomidate"
"411","C[C@@H]1OC[C@@H]2[C@H]([C@@H]([C@H]([C@@H](O2)O[C@@H]2c3cc4c(cc3[C@@H](c3cc(c(c(c3)OC)O)OC)[C@@H]3[C@@H]2COC3=O)OCO4)O)O)O1","etoposide"
"412","C#C[C@@]1(CC[C@H]2[C@@H]3CCC4=C[C@H](CC[C@@H]4[C@H]3CC[C@]12C)OC(=O)C)OC(=O)C","etynodiol"
"413","CC1CC(CC(C)(C)N1C)OC(=O)C(c1ccccc1)O.Cl","eucatropine"
"414","C=C1C[C@H]2[C@@H]3CCC(=O)[C@@]3(C)CC[C@@H]2[C@@]2(C)C=CC(=O)C=C12","exemestane"
"415","CC1=C(CC(=O)O)c2cc(ccc2/C/1=C\c1ccc(cc1)S(=O)(=O)C)F","exisulind"
"416","C(CSCc1csc(n1)NC(=N)N)C(=N)NS(=O)(=O)N","famotidine"
"417","CC(C)c1c(CN(C)C(C)Cc2ccccc2)n(C)n(c2ccccc2)c1=O","famprofazone"
"418","c1cc2cnccc2c(c1)S(=O)(=O)N1CCCNCC1.Cl.Cl","fasudil"
"419","c1ccc(cc1)c1ccc(cc1)CC(=O)O","felbinac"
"420","CCOC(=O)C1=C(C)NC(=C(C1c1cccc(c1Cl)Cl)C(=O)OC)C","felodipine"
"421","CCOC(=O)C1=C(C)NC(=C(C1c1cccc(c1Cl)Cl)C(=O)OC)C","felodipine"
"422","COC(=Nc1nc2ccc(cc2[nH]1)Sc1ccccc1)O","fenbendazole"
"423","c1ccc(cc1)c1ccc(cc1)C(=O)CCC(=O)O","fenbufen"
"424","CC(c1ccccc1)NCCC(c1ccccc1)c1ccccc1.Cl","fendiline"
"425","CC(C)OC(=O)C(C)(C)Oc1ccc(cc1)C(=O)c1ccc(cc1)Cl","fenofibrate"
"426","CC(c1cccc(c1)Oc1ccccc1)C(=O)[O-].CC(c1cccc(c1)Oc1ccccc1)C(=O)[O-].[Ca+2].O.O","fenoprofen"
"427","CC(Cc1ccc(cc1)O)NCC(c1cc(cc(c1)O)O)O.Br","fenoterol"
"428","c1ccc(cc1)CCN1CCC2(CC1)CN=C(O)O2.Cl","fenspiride"
"429","CC(C)(C)N=C([C@H]1CC[C@H]2[C@@H]3CC[C@@H]4[C@](C)(C=CC(=N4)O)[C@H]3CC[C@]12C)O","finasteride"
"430","c1cc2c(cc1CN1CCN(CC1)C(=O)COc1ccc(cc1)Cl)OCO2.Cl","fipexide"
"431","c1cc(c(cc1c1c(c(=O)c2ccc(cc2o1)O)O)O)O","fisetin"
"432","Cc1c(=O)c2cccc(c2oc1c1ccccc1)C(=O)OCCN1CCCCC1.Cl","flavoxate"
"433","C1CCNC(C1)CN=C(c1cc(ccc1OCC(F)(F)F)OCC(F)(F)F)O.CC(=O)O","flecainide"
"434","CS(=O)(=O)c1ccc(cc1)[C@H]([C@@H](CF)N=C(C(Cl)Cl)O)O","florfenicol"
"435","c1c(c(=N)[nH]c(n1)O)F","flucytosine"
"436","CC(=O)OCC(=O)[C@]1(CC[C@H]2[C@@H]3CCC4=CC(=O)CC[C@]4(C)[C@]3([C@H](C[C@]12C)O)F)O","fludrocortisone"
"437","CC1(C)O[C@@H]2C[C@H]3[C@@H]4C[C@@H](C5=CC(=O)CC[C@]5(C)[C@H]4[C@H](C[C@]3(C)[C@]2(C(=O)CO)O1)O)F","fludroxycortide"
"438","c1ccc(c(c1)C(=O)O)Nc1cccc(c1)C(F)(F)F","flufenamic acid"
"439","c1ccc(c(c1)C(=O)O)Nc1cccc(c1)C(F)(F)F","flufenamic acid"
"440","CC1CCc2cc(cc3c2n1cc(c3=O)C(=O)O)F","flumequine"
"441","C[C@@H]1C[C@H]2[C@@H]3C[C@@H](C4=CC(=O)C=C[C@]4(C)[C@]3([C@H](C[C@]2(C)[C@]1(C(=O)CO)O)O)F)F","flumetasone"
"442","c1ccc(cc1)/C=C/CN1CCN(CC1)C(c1ccc(cc1)F)c1ccc(cc1)F.Cl.Cl","flunarizine"
"443","CC1(C)O[C@@H]2C[C@H]3[C@@H]4C[C@@H](C5=CC(=O)C=C[C@]5(C)[C@H]4[C@H](C[C@]3(C)[C@]2(C(=O)CO)O1)O)F","flunisolide"
"444","Cc1c(cccc1Nc1c(cccn1)C(=O)O)C(F)(F)F.CNC[C@@H]([C@H]([C@@H]([C@@H](CO)O)O)O)O","flunixin"
"445","CC(=O)OCC(=O)[C@@]12[C@@H](C[C@H]3[C@@H]4C[C@@H](C5=CC(=O)C=C[C@]5(C)[C@]4([C@H](C[C@]13C)O)F)F)OC(C)(C)O2","fluocinonide"
"446","C[C@H]1C[C@H]2[C@@H]3CC[C@](C(=O)C)([C@@]3(C)C[C@@H]([C@@]2([C@@]2(C)C=CC(=O)C=C12)F)O)O","fluorometholone"
"447","CNCCC(c1ccccc1)Oc1ccc(cc1)C(F)(F)F.Cl","fluoxetine"
"448","c1ccc2c(c1)/C(=C/CCN1CCN(CC1)CCO)/c1cc(ccc1S2)C(F)(F)F.Cl.Cl","flupentixol"
"449","c1ccc2c(c1)N(CCCN1CCN(CC1)CCO)c1cc(ccc1S2)C(F)(F)F.Cl.Cl","fluphenazine"
"450","CC(c1ccc(c2ccccc2)c(c1)F)C(=O)O","flurbiprofen"
"451","c1ccc(cc1)N1CN=C(C21CCN(CCCC(c1ccc(cc1)F)c1ccc(cc1)F)CC2)O","fluspirilene"
"452","CC(C)C(=Nc1ccc(c(c1)C(F)(F)F)N(=O)=O)O","flutamide"
"453","CCC(=O)O[C@@]1([C@H](C)C[C@H]2[C@@H]3C[C@@H](C4=CC(=O)C=C[C@]4(C)[C@]3([C@H](C[C@]12C)O)F)F)C(=O)SCF","fluticasone"
"454","CC(C)n1c2ccccc2c(c2ccc(cc2)F)c1/C=C/[C@H](C[C@H](CC(=O)[O-])O)O.[Na+]","fluvastatin"
"455","COCCCC/C(=N\OCCN)/c1ccc(cc1)C(F)(F)F.C(=C\C(=O)O)\C(=O)O","fluvoxamine"
"456","c1cc(ccc1C(=O)N[C@@H](CCC(=O)O)C(=O)O)NCc1cnc2c(c(nc(=N)[nH]2)O)n1","folic acid"
"457","CC(C)(C(COc1cccc2c(cc(=O)n(C)c12)OC)O)O","foliosidine"
"458","c1ccc(c(c1)C(=O)O)OP(=O)(O)O","fosfosal"
"459","c1cc(N(=O)=O)oc1/C=N/N1CCOC1=O","furazolidone"
"460","c1cc(CNc2cc(c(cc2C(=O)O)S(=O)(=O)N)Cl)oc1","furosemide"
"461","C/C(=C(/CCO)\SSCC1CCCO1)/N(Cc1cnc(C)[nH]c1=N)C=O.Cl","fursultiamine"
"462","CCCCc1ccc(C(=O)O)nc1","fusaric acid"
"463","C1CCC(CC1)(CC(=O)O)CN","gabapentin"
"464","CCOC(=O)c1ccc(cc1)OC(=O)CCCCCNC(=N)N.CS(=O)(=O)O","gabexate"
"465","CN1CC[C@@]23C=C[C@@H](C[C@@H]2Oc2c(ccc(C1)c32)OC)O.Br","galantamine"
"466","CC[N+](CC)(CC)CCOc1cccc(c1OCC[N+](CC)(CC)CC)OCC[N+](CC)(CC)CC.[I-].[I-].[I-]","gallamine triethiodide"
"467","C(C(CO)OCn1cnc2c1[nH]c(=N)nc2O)O","ganciclovir"
"468","COc1cc2c(cc1OCCCN1CCOCC1)c(ncn2)Nc1ccc(c(c1)Cl)F","gefitinib"
"469","C[C@@H]1CC2=C(C(=O)C=C(C2=O)N=C(C(=CC=C[C@@H]([C@H](C(=C[C@H](C)[C@H]([C@H](C1)OC)O)C)OC(=N)O)OC)C)O)OC","geldanamycin"
"470","C=CC12CN(C)C3C4COC(CC14)C1(c4ccccc4N=C1O)C23","gelsemine"
"471","Cc1ccc(C)c(c1)OCCCC(C)(C)C(=O)O","gemfibrozil"
"472","C[C@H]([C@@H]1CC[C@H]([C@H](O1)O[C@@H]1[C@H](C[C@H]([C@@H]([C@H]1O)O[C@@H]1[C@@H]([C@H]([C@](C)(CO1)O)NC)O)N)N)N)NC.C[C@H]([C@@H]1CC[C@H]([C@H](O1)O[C@@H]1[C@H](C[C@H]([C@@H]([C@H]1O)O[C@@H]1[C@@H]([C@H]([C@](C)(CO1)O)NC)O)N)N)N)N.C[C@@]1(CO[C@@H]([C@@H]([C@H]1NC)O)O[C@H]1[C@@H](C[C@@H]([C@H]([C@@H]1O)O[C@@H]1[C@@H](CC[C@@H](CN)O1)N)N)N)O.OS(=O)(=O)O","gentamicin"
"473","C=C1CC23CC1(CCC2C12C=CC(C(C)(C1C3C(=O)O)C(=O)O2)O)O","gibberellic acid"
"474","c1ccc(c(c1)C(=O)OCC(CO)O)Nc1ccnc2cc(ccc12)Cl.Cl","glafenine"
"475","COc1ccc(cc1C(=NCCc1ccc(cc1)S(=O)(=O)NC(=NC1CCCCC1)O)O)Cl","glibenclamide"
"476","Cc1ccc(cc1)S(=O)(=O)NC(=NN1CC2CCCC2C1)O","gliclazide"
"477","CCC1=C(C)CN(C1=O)C(=NCCc1ccc(cc1)S(=O)(=O)NC(=NC1CCC(C)CC1)O)O","glimepiride"
"478","Cc1cnc(cn1)C(=NCCc1ccc(cc1)S(=O)(=O)NC(=NC1CCCCC1)O)O","glipizide"
"479","CC1(C)c2ccc(cc2C(=O)N(CCc2ccc(cc2)S(=O)(=O)NC(=NC2CCCCC2)O)C1=O)OC","gliquidone"
"480","C[C@H](CCC(=NCC(=O)O)O)[C@H]1CC[C@H]2[C@H]3[C@H](C[C@@H]([C@]12C)O)[C@@]1(C)CC[C@H](C[C@H]1C[C@H]3O)O","glycocholic acid"
"481","C[N+]1(C)CCC(C1)OC(=O)C(c1ccccc1)(C1CCCC1)O.[Br-]","glycopyrronium bromide"
"482","CC(C)c1c2cc(C)c(c3c(C)cc4c(C(C)C)c(c(c(C=O)c4c3O)O)O)c(c2c(C=O)c(c1O)O)O","gossypol"
"483","CN(C)Cc1c[nH]c2ccccc12","gramine"
"484","C[C@@H]1CC(=O)C=C([C@@]21C(=O)c1c(cc(c(c1O2)Cl)OC)OC)OC","griseofulvin"
"485","COc1ccccc1OCC(CO)O","guaifenesin"
"486","c1cc(c(/C=N/NC(=N)N)c(c1)Cl)Cl","guanabenz"
"487","C1CCC2(CC1)OCC(CNC(=N)N)O2.C1CCC2(CC1)OCC(CNC(=N)N)O2.OS(=O)(=O)O","guanadrel"
"488","C1CCCN(CCC1)CCNC(=N)N","guanethidine"
"489","c1cc(c(CC(=NC(=N)N)O)c(c1)Cl)Cl.Cl","guanfacine"
"490","CC1CNCCN1S(=O)(=O)c1cccc2cnccc12.Cl.Cl","H-7"
"491","c1cc2cnccc2c(c1)S(=O)(=O)NCCNC/C=C/c1ccc(cc1)Br","H-89"
"492","CC1(C)O[C@@H]2C[C@H]3[C@@H]4CCC5=CC(=O)CC[C@]5(C)[C@]4([C@H](C[C@]3(C)[C@]2(C(=O)CCl)O1)O)F","halcinonide"
"493","CCCCN(CCCC)CCC(c1cc2c(cc(cc2Cl)Cl)c2cc(ccc12)C(F)(F)F)O.Cl","halofantrine"
"494","C(CC(=O)c1ccc(cc1)F)CN1CCC(CC1)(c1ccc(cc1)Cl)O","haloperidol"
"495","CC1=NCCc2c3ccc(cc3[nH]c12)OC.Cl.O.O","harmaline"
"496","Cc1c2c(ccn1)c1ccccc1[nH]2.Cl","harman"
"497","Cc1c2c(ccn1)c1ccc(cc1[nH]2)OC.Cl","harmine"
"498","Cc1c2c(cc[nH]1)c1ccc(=O)cc1[nH]2.Cl.O","harmol"
"499","C[C@@]1(C[C@H]([C@@]2(C=CO[C@H]([C@H]12)O[C@H]1[C@@H]([C@H]([C@@H]([C@@H](CO)O1)O)O)O)O)O)OC(=O)/C=C/c1ccccc1","harpagoside"
"500","CC1C(=NC(C)C(=NC(CCCCCC(=O)C2CO2)C(=O)N2CCCC2C(=N1)O)O)O","HC toxin"
"501","C[C@@H]1CC[C@@]2([C@@H](C)[C@H]3[C@H](C[C@H]4[C@@H]5CC[C@H]6C[C@H](CC[C@]6(C)[C@H]5CC(=O)[C@]34C)O)O2)OC1","hecogenin"
"502","CC(C)[C@]([C@@H](C)OC)(C(=O)OCC1=CCN2CC[C@@H]([C@@H]12)O)O","heliotrine"
"503","C[C@@H]1[C@H]([C@H](C[C@@H](O1)O[C@H]1CC[C@]2(C=O)[C@H]3CC[C@]4(C)[C@H](CC[C@@]4([C@@H]3CC[C@@]2(C1)O)O)C1=CC(=O)OC1)O)O","helveticoside"
"504","C[N+]1(C)CCOC(C1)(c1ccc(cc1)c1ccc(cc1)C1(C[N+](C)(C)CCO1)O)O.[Br-].[Br-]","hemicholinium"
"505","CC(CCCC(C)(C)O)N.Cl","heptaminol"
"506","COc1ccc(cc1O)[C@@H]1CC(=O)c2c(cc(cc2O1)O)O","hesperetin"
"507","C[C@H]1[C@@H]([C@H]([C@H]([C@H](OC[C@@H]2[C@H]([C@@H]([C@H]([C@H](Oc3cc(c4C(=O)C[C@@H](c5ccc(c(c5)O)OC)Oc4c3)O)O2)O)O)O)O1)O)O)O","hesperidin"
"508","C[N+](C)(C)CCCCCC[N+](C)(C)C.[Br-].[Br-].O.O","hexamethonium bromide"
"509","CCC(c1ccc(cc1)O)C(CC)c1ccc(cc1)O","hexestrol"
"510","CCCCC(CC)CN1CC(C)(CN(CC(CC)CCCC)C1)N","hexetidine"
"511","CC(CNC1CCCCC1)OC(=O)c1ccccc1.Cl","hexylcaine"
"512","CC(=O)OCOC(c1ccc2ccccc2c1)P(=O)(OCOC(=O)C)OCOC(=O)C","HNMPA-(AM)3"
"513","CN1[C@H]2CC[C@@H]1CC(C2)OC(=O)C(c1ccccc1)O.Br","homatropine"
"514","CN1CCCN(CC1)C(c1ccccc1)c1ccc(cc1)Cl.Cl.Cl","homochlorcyclizine"
"515","CC1CC(CC(C)(C)C1)OC(=O)c1ccccc1O","homosalate"
"516","CCN(CC)CCNc1ccc(CO)c2c1c(=O)c1ccccc1s2","hycanthone"
"517","c1ccc2c(c1)cn[nH]c2=NN.Cl","hydralazine"
"518","CN1CCc2cc3c(cc2[C@@H]1[C@@H]1c2ccc(c(c2C(=O)O1)OC)OC)OCO3.Cl","hydrastine hydrochloride"
"519","CN1CCc2cc3c(cc2C1O)OCO3.Cl","hydrastinine"
"520","c1c(c(cc2c1NCNS2(=O)=O)S(=O)(=O)N)Cl","hydrochlorothiazide"
"521","C[C@]12CCC(=O)C=C1CC[C@H]1[C@@H]3CC[C@](C(=O)CO)([C@@]3(C)C[C@@H]([C@H]21)O)O","hydrocortisone"
"522","CN1CCc2cc3c(c(c2C1)OC)OCO3.Br","hydrocotarnine"
"523","c1c(c(cc2c1NCNS2(=O)=O)S(=O)(=O)N)C(F)(F)F","hydroflumethiazide"
"524","CC[C@H]1CN2CCC1C[C@H]2[C@@H](c1ccnc2ccc(cc12)OC)O","hydroquinine"
"525","CC1=C2C(=O)C=C(C)C2C2C(C(C)C(=O)O2)C(C1)O","hydroxyachillin"
"526","c1ccc(cc1)C(c1ccc(cc1)Cl)N1CCN(CC1)CCOCCO.Cl.Cl","hydroxyzine"
"527","Cc1cc(=O)oc2cc(ccc12)O","hymecromone"
"528","CN1[C@@H]2CC[C@H]1CC(C2)OC(=O)[C@H](CO)c1ccccc1","hyoscyamine"
"529","CC(=O)c1ccc(cc1O)N1CCOCC1","IC-86621"
"530","c1ccc2c(c1)OCC(C1=NCCN1)O2.Cl","idazoxan"
"531","C1[C@@H]([C@@H](CO)O[C@H]1n1cc(c(nc1=O)O)I)O","idoxuridine"
"532","CC(C(c1ccc(cc1)O)O)N1CCC(CC1)Cc1ccccc1","ifenprodil"
"533","C1CN(CCCl)P(=O)(NCCCl)OC1","ifosfamide"
"534","CC#CCC(C)[C@@H](/C=C/[C@@H]1[C@H]2C/C(=C/CCCC(=O)O)/C[C@H]2C[C@H]1O)O","iloprost"
"535","Cc1ccc(cc1Nc1nccc(c2cccnc2)n1)NC(=O)c1ccc(cc1)CN1CCN(C)CC1.CS(=O)(=O)O","imatinib"
"536","C(N=C(NC1C(=NC(=O)N1CO)O)O)N=C(NC1C(=NC(=O)N1CO)O)O","imidurea"
"537","C[C@H]([C@@H]1[C@H]2CC(=C(C(=O)O)N2C1=O)SCCNC=N)O","imipenem"
"538","CN(C)CCCN1c2ccccc2CCc2ccccc12.Cl","imipramine"
"539","CC1Cc2ccccc2N1N=C(c1ccc(c(c1)S(=O)(=O)N)Cl)O","indapamide"
"540","Cc1c(CC(=O)O)c2cc(ccc2n1C(=O)c1ccc(cc1)Cl)OC","indometacin"
"541","CC(c1ccc(cc1)N1Cc2ccccc2C1=O)C(=O)O","indoprofen"
"542","c1cc(cc(c1)I)CNC(=N)N.OS(=O)(=O)O","iobenguane"
"543","CC(CN(C(=O)C)c1c(cc(c(c1I)N)I)I)C(=O)O","iocetamic acid"
"544","CC(=O)N(CC(CN(C(=O)C)c1c(c(c(c(c1I)C(=NCC(CO)O)O)I)C(=NCC(CO)O)O)I)O)c1c(c(c(c(c1I)C(=NCC(CO)O)O)I)C(=NCC(CO)O)O)I","iodixanol"
"545","CC(=O)N(CC(CO)O)c1c(c(c(c(c1I)C(=NCC(CO)O)O)I)C(=NCC(CO)O)O)I","iohexol"
"546","C[C@H](C/C=C/[C@@H](C)[C@H]([C@@H](C)[C@H](C[C@@H]1CC[C@@](C)([C@H]2CC[C@@](C)([C@@H](C)O)O2)O1)O)O)C[C@@H](C)/C(=C/C(=O)[C@@H](C)C[C@@H](C)C[C@H](C)CCC(=O)[O-])/[O-].[Ca+2]","ionomycin"
"547","C[C@@H](C(=Nc1c(c(c(c(c1I)C(=NC(CO)CO)O)I)C(=NC(CO)CO)O)I)O)O","iopamidol"
"548","CCC(Cc1c(cc(c(c1I)N)I)I)C(=O)O","iopanoic acid"
"549","CN(CC(CO)O)C(=O)c1c(c(c(c(c1I)N=C(COC)O)I)C(=NCC(CO)O)O)I","iopromide"
"550","C(CO)N(C(=O)CO)c1c(c(c(c(c1I)C(=NCC(CO)O)O)I)C(=NCC(CO)O)O)I","ioversol"
"551","CC(=O)N(C)c1c(c(c(c(c1I)C(=NCC(=Nc1c(c(c(c(c1I)C(=O)O)I)C(=NCCO)O)I)O)O)I)C(=NC)O)I","ioxaglic acid"
"552","CC(C)[N+]1(C)[C@@H]2CC[C@H]1CC(C2)OC(=O)[C@H](CO)c1ccccc1.[Br-]","ipratropium bromide"
"553","CC(C)NNC(=O)c1ccncc1.OP(=O)(O)O","iproniazid"
"554","CCc1c2cc(ccc2nc2c1Cn1c2cc2c(COC(=O)[C@@]2(CC)O)c1=O)OC(=O)N1CCC(CC1)N1CCCCC1","irinotecan"
"555","Cc1cc(C(=O)NNCc2ccccc2)no1","isocarboxazid"
"556","c1cc(c(COC(Cn2ccnc2)c2ccc(cc2Cl)Cl)c(c1)Cl)Cl","isoconazole"
"557","CCC(C(c1ccc(c(c1)O)O)O)NC(C)C.CS(=O)(=O)O","isoetarine"
"558","CC(=O)OCC(=O)[C@]1(CC[C@H]2[C@@H]3CCC4=CC(=O)C=C[C@]4(C)[C@]3([C@H](C[C@]12C)O)F)O","isoflupredone"
"559","c1cnccc1C(=O)NN","isoniazid"
"560","CC(C)[N+](C)(CCC(c1ccccc1)(c1ccccc1)C(=N)[O-])C(C)C.I","isopropamide iodide"
"561","C1[C@H]([C@@H]2[C@@H]([C@H](CO2)ON(=O)=O)O1)ON(=O)=O","isosorbide"
"562","C/C(=C\C=C\C(=C/C(=O)O)\C)/C=C/C1=C(C)CCCC1(C)C","isotretinoin"
"563","Cc1cc(=NC(=O)C2=C(c3ccccc3S(=O)(=O)N2C)O)[nH]o1","isoxicam"
"564","CC(COc1ccccc1)NC(C)C(c1ccc(cc1)O)O.Cl","isoxsuprine"
"565","CC(C)OC(=O)C1=C(C)NC(=C(C1c1cccc2c1non2)C(=O)OC)C","isradipine"
"566","CC[C@H](C)[C@@H]1[C@@H](C)CC[C@]2(C[C@@H]3C[C@@H](CC=C(C)[C@H]([C@@H](C)C=CC=C4CO[C@@H]5[C@@H](C(=C[C@@H](C(=O)O3)[C@]45O)C)O)O[C@H]3C[C@@H]([C@H]([C@H](C)O3)O[C@H]3C[C@@H]([C@H]([C@H](C)O3)O)OC)OC)O2)O1","ivermectin"
"567","c1cc(ccc1c1c(c(=O)c2c(cc(cc2o1)O)O)O)O","kaempferol"
"568","C1[C@H]([C@@H]([C@H]([C@@H]([C@@H]1N)O[C@H]1[C@@H]([C@H]([C@@H]([C@@H](CN)O1)O)O)O)O)O[C@@H]1[C@@H]([C@H]([C@@H]([C@@H](CO)O1)O)N)O)N.OS(=O)(=O)O","kanamycin"
"569","CCN1C[C@]2(C)CC[C@@H]([C@@]34[C@@H]5C[C@@H]6[C@H](C[C@]([C@@H](C[C@H]23)C14)([C@H]5[C@H]6O)O)OC)O","karakoline"
"570","COC1=CC(=O)O[C@@H](/C=C/c2ccccc2)C1","kawain"
"571","c1ccc2c(c1)c(=O)n(CCN1CCC(CC1)C(=O)c1ccc(cc1)F)c(n2)O.C(C(C(=O)O)O)(C(=O)O)O.O","ketanserin"
"572","CC(=O)N1CCN(CC1)c1ccc(cc1)OC[C@H]1CO[C@](Cn2ccnc2)(c2ccc(cc2Cl)Cl)O1","ketoconazole"
"573","CC(c1cccc(c1)C(=O)c1ccccc1)C(=O)O","ketoprofen"
"574","c1ccc(cc1)C(=O)c1ccc2C(CCn12)C(=O)O.C(C(CO)(CO)N)O","ketorolac"
"575","CN1CCC(=C2c3ccccc3CC(=O)c3c2ccs3)CC1.C(=C\C(=O)O)/C(=O)O","ketotifen"
"576","Cc1cc(=O)c2c(c3ccoc3c(c2o1)OC)OC","khellin"
"577","c1cc(CNc2c3c(ncn3)[nH]cn2)oc1","kinetin"
"578","CS(=N)(=O)CC[C@@H](C(=O)O)N","L-methionine sulfoximine"
"579","CC(CCc1ccccc1)NCC(c1ccc(c(c1)C(=N)O)O)O.Cl","labetalol"
"580","CC1C(C(CC(O1)O[C@H]1CC[C@@]2(C)[C@H](CC[C@@H]3C2C[C@H]([C@]2(C)[C@H](CC[C@]32O)C2=CC(=O)OC2)O)C1)O)OC1CC(C(C(C)O1)OC1CC(C(C(C)O1)OC1C(C(C(C(CO)O1)O)O)O)OC(=O)C)O","lanatoside C"
"581","Cc1c(CS(=O)c2nc3ccccc3[nH]2)nccc1OCC(F)(F)F","lansoprazole"
"582","CC[C@@H](C(=O)[C@@H](C)[C@H]([C@H](C)CCc1ccc(C)c(c1C(=O)O)[O-])O)[C@@H]1[C@@H](C)C[C@@](CC)([C@H]2CC[C@](CC)([C@H](C)O2)O)O1.[Na+]","lasalocid"
"583","Cn1c(nnn1)SCC1=C(C(=O)O)N2C(=O)[C@]([C@H]2OC1)(N=C(C(c1ccc(cc1)[O-])C(=O)O)[O-])OC.[Na+].[Na+]","latamoxef"
"584","CN1CCc2cc(c(cc2C1Cc1ccc(c(c1)OC)OC)OC)OC","laudanosine"
"585","Cc1c(cno1)C(=O)Nc1ccc(cc1)C(F)(F)F","leflunomide"
"586","c1cc(ccc1C#N)C(c1ccc(cc1)C#N)n1cncn1","letrozole"
"587","c1ccc(cc1)[C@H]1CN2CCSC2=N1.Cl","levamisole"
"588","C1[C@H](C(=NO1)O)N","levcycloserine"
"589","CC(C)(C)NC[C@@H](COc1cccc2c1CCCC2=O)O.Cl","levobunolol"
"590","CC1CN(CCC1(c1ccccc1)C(=O)O)C1CCC(CC1)(C#N)c1ccc(cc1)F.Cl","levocabastine"
"591","c1cc(c(cc1C[C@@H](C(=O)O)N)O)O","levodopa"
"592","C[C@H](CN(C)C)CN1c2ccccc2Sc2ccc(cc12)OC.C(=C\C(=O)O)\C(=O)O","levomepromazine"
"593","CC[C@]12CC[C@@H]3[C@H]4CCC(=O)C=C4CC[C@H]3[C@@H]1CC[C@]2(C#C)O","levonorgestrel"
"594","c1c(cc(c(c1I)Oc1cc(c(c(c1)I)O)I)I)C[C@@H](C(=O)O)N","levothyroxine sodium"
"595","Cc1cccc(C)c1N=C(CN1CCN(CCCC(c2ccc(cc2)F)c2ccc(cc2)F)CC1)O","lidoflazine"
"596","CCC[C@@H]1C[C@@H](C(=NC(C(C)O)C2[C@@H]([C@H]([C@@H](C(O2)SC)O)O)O)O)N(C)C1.Cl","lincomycin"
"597","c1cc(c(cc1Oc1c(cc(cc1I)C[C@@H](C(=O)O)N)I)I)O","liothyronine"
"598","c1ccc(cc1)CC[C@@H](C(=O)O)N[C@@H](CCCCN)C(=O)N1CCC[C@H]1C(=O)O","lisinopril"
"599","CCN(CC)C(=N[C@H]1C=C2c3cccc4c3c(C[C@H]2N(C)C1)c[nH]4)O","lisuride"
"600","C[C@H](CCC(=O)O)[C@H]1CC[C@H]2[C@@H]3CC[C@@H]4C[C@@H](CC[C@]4(C)[C@H]3CC[C@]12C)O","lithocholic acid"
"601","COC(=O)c1cc2cc(ccc2n1Cc1ccc(cc1)Cl)S(=O)(=O)C","LM-1685"
"602","CN1C(CCCC1CC(c1ccccc1)O)CC(c1ccccc1)O.Cl","lobelanidine"
"603","CN1[C@@H](CCC[C@@H]1CC(=O)c1ccccc1)C[C@@H](c1ccccc1)O.Cl","lobeline"
"604","CCn1cc(c(=O)c2cc(c(c(c12)F)N1CCNC(C)C1)F)C(=O)O.Cl","lomefloxacin"
"605","C1CCC(CC1)N=C(N(CCCl)N=O)O","lomustine"
"606","CN(C)C(=O)C(CCN1CCC(CC1)(c1ccc(cc1)Cl)O)(c1ccccc1)c1ccccc1.Cl","loperamide"
"607","c1ccc(cc1)[C@H](C(=N[C@H]1[C@H]2CCC(=C(C(=O)O)N2C1=O)Cl)O)N","loracarbef"
"608","CCCCCN(CCCCC)C(=O)C(CCC(=O)[O-])N=C(c1ccc(c(c1)Cl)Cl)O.[Na+]","lorglumide"
"609","CC[C@H](C)C(=O)O[C@H]1C[C@@H](C)C=C2C=C[C@H](C)[C@H](CC[C@@H]3C[C@H](CC(=O)O3)O)[C@@H]12","lovastatin"
"610","CN1CCN(CC1)C1=Nc2ccccc2Oc2ccc(cc12)Cl.C(CC(=O)O)C(=O)O","loxapine"
"611","CC(=N[C@H]1CCc2cc(c(c(c2C2=C1[C@H]1[C@@H]2C=C(C1=O)OC)OC)OC)OC)O","lumicolchicine"
"612","c1cc(c(cc1c1cc(=O)c2c(cc(cc2o1)O)O)O)O","luteolin"
"613","c1ccc(cc1)c1cccc2c(=O)cc(N3CCOCC3)oc12","LY-294002"
"614","C1CN2Cc3cc4c(cc3[C@H]3[C@H]2C1=C[C@@H]([C@H]3O)O)OCO4","lycorine"
"615","C[C@]1(c2cccc(c2C(=C2[C@@H]1C[C@H]1[C@@H](C(=O)C(=C(C1(C2=O)O)O)C(=NCNCCCC[C@@H](C(=O)O)N)O)N(C)C)O)O)O","lymecycline"
"616","C#C[C@@]1(CC[C@H]2[C@@H]3CCC4=CCCC[C@@H]4[C@H]3CC[C@]12C)O","lynestrenol"
"617","CN1C[C@@H](C=C2c3cccc4c3c(C[C@@H]12)c[nH]4)CO","lysergol"
"618","c1cc(ccc1CN)S(=O)(=O)N.Cl","mafenide"
"619","CNCCCC12CCC(c3ccccc13)c1ccccc21.Cl","maprotiline"
"620","COC(=Nc1nc2ccc(cc2[nH]1)C(=O)c1ccccc1)O","mebendazole"
"621","CCN(CCCCOC(=O)c1ccc(c(c1)OC)OC)C(C)Cc1ccc(cc1)OC.Cl","mebeverine"
"622","CN1CCc2c(C1)c1ccccc1n2Cc1ccccc1.CN1CCc2c(C1)c1ccccc1n2Cc1ccccc1.c1cc2c(cccc2S(=O)(=O)O)c(c1)S(=O)(=O)O","mebhydrolin"
"623","CC1(C)C2CCC(C2)C1(C)NC","mecamylamine"
"624","C=C1c2c(ccc(c2C(=C2[C@@H]1[C@@H]([C@H]1[C@@H](C(=O)C(=C([C@]1(C2=O)O)O)C(=N)O)N(C)C)O)O)O)Cl.c1cc(c(cc1S(=O)(=O)O)C(=O)O)O","meclocycline"
"625","Cc1ccc(c(c1Cl)Nc1ccccc1C(=O)[O-])Cl.[Na+].O","meclofenamic acid"
"626","CN(C)CCOC(=O)COc1ccc(cc1)Cl.Cl","meclofenoxate"
"627","Cc1cccc(c1)CN1CCN(CC1)C(c1ccccc1)c1ccc(cc1)Cl.Cl.Cl","meclozine"
"628","C[C@H]1C[C@H]2[C@@H]3CC[C@H](C(=O)C)[C@@]3(C)C[C@@H]([C@@H]2[C@@]2(C)CCC(=O)C=C12)O","medrysone"
"629","Cc1cccc(c1C)Nc1ccccc1C(=O)O","mefenamic acid"
"630","CCN(CC)CCN=C(COc1ccc(cc1)OC)O.Cl","mefexamide"
"631","C1CCN[C@H](C1)C(c1cc(C(F)(F)F)nc2c1cccc2C(F)(F)F)O.Cl","mefloquine"
"632","CC1=C[C@@H]2[C@H](CC[C@@]3(C)[C@H]2CC[C@@]3(C(=O)C)OC(=O)C)[C@@]2(C)CCC(=O)C=C12","megestrol"
"633","CNC[C@@H]([C@H]([C@@H]([C@@H](CO)O)O)O)O","meglumine"
"634","CC(=NCCc1c[nH]c2ccc(cc12)OC)O","melatonin"
"635","CC12CC3CC(C)(C1)CC(C3)(C2)N.Cl","memantine"
"636","CC1=CC(=O)c2ccccc2C1=O","menadione"
"637","CCN(CC)CCCC(C)N=c1c2ccc(cc2[nH]c2ccc(cc12)OC)Cl.Cl.Cl.O.O","mepacrine"
"638","C[N+]1(C)CCCC(C1)OC(=O)C(c1ccccc1)(c1ccccc1)O.[Br-]","mepenzolate bromide"
"639","Cc1ccccc1OCC(CO)O","mephenesin"
"640","CC(C)(Cc1ccccc1)NC.CC(C)(Cc1ccccc1)NC.OS(=O)(=O)O","mephentermine"
"641","CCC1(c2ccccc2)C(=O)N(C)C(=N1)O","mephenytoin"
"642","CCCNC(C)(C)COC(=O)c1ccccc1.Cl","meprylcaine"
"643","CCC1(CCCCN(C)C1)c1cccc(c1)O.Cl","meptazinol"
"644","CN(C)CCN(Cc1ccc(cc1)OC)c1ccccn1.C(=C\C(=O)O)\C(=O)O","mepyramine"
"645","c1nc2c([nH]1)ncnc2S.O","mercaptopurine"
"646","C[C@@H]1[C@@H]2[C@@H]([C@@H](C)O)C(=O)N2C(=C1S[C@H]1C[C@@H](C(=O)N(C)C)NC1)C(=O)O","meropenem"
"647","c1cc(c(cc1N)C(=O)O)O","mesalazine"
"648","c1cc(c(cc1N)C(=O)O)O","mesalazine"
"649","CN1CCCCC1CCN1c2ccccc2Sc2ccc(cc12)S(=O)C.c1ccc(cc1)S(=O)(=O)O","mesoridazine"
"650","C#C[C@@]1(CC[C@H]2[C@@H]3CCc4cc(ccc4[C@H]3CC[C@]12C)OC)O","mestranol"
"651","C=C1c2cccc(c2C(=C2[C@@H]1[C@@H]([C@H]1[C@@H](C(=O)C(=C([C@]1(C2=O)O)O)C(=N)O)N(C)C)O)O)O.Cl","metacycline"
"652","Cc1c(c(=O)n(c2ccccc2)n1C)N(C)CS(=O)(=O)[O-].[Na+]","metamizole sodium"
"653","CC1(C)[C@H](C(=O)O)N2C(=O)[C@H]([C@H]2S1)N=C([C@@H](c1ccccc1)N=C)[O-].[Na+]","metampicillin"
"654","CNCC(c1ccc(c(c1)OC)O)O.Cl","metanephrine"
"655","C[C@@H]([C@@H](c1cccc(c1)O)O)N.[C@@H]([C@H](C(=O)O)O)(C(=O)O)O","metaraminol"
"656","CCCCC(C)(C)[C@@H](/C=C/[C@@H]1[C@@H](C/C=C\CCCC(=O)O)C(=C)C[C@H]1O)O","meteneprost"
"657","CN1C[C@@H](C[C@@H]2c3cccc4c3c(C[C@@H]12)cn4C)CN=C(O)OCc1ccccc1","metergoline"
"658","CN(C)C(=N)NC(=N)N.Cl","metformin"
"659","CN(C)C(=N)NC(=N)N.Cl","metformin"
"660","CC(C[N+](C)(C)C)OC(=O)C.[Cl-]","methacholine chloride"
"661","CC[N+](C)(CC)CCOC(=O)C1c2ccccc2Oc2ccccc12.[Br-]","methanthelinium bromide"
"662","CN(C)CCN(Cc1cccs1)c1ccccn1.Cl","methapyrilene"
"663","CC(=O)N=c1n(C)nc(s1)S(=O)(=O)N","methazolamide"
"664","COc1ccccc1OCC(COC(=N)O)O","methocarbamol"
"665","CN(Cc1cnc2c(c(N)[nH]c(=N)n2)n1)c1ccc(cc1)C(=O)NC(CCC(=O)O)C(=O)O","methotrexate"
"666","CN(Cc1cnc2c(c(N)[nH]c(=N)n2)n1)c1ccc(cc1)C(=O)N[C@@H](CCC(=O)O)C(=O)O","methotrexate"
"667","CC(C(c1cc(ccc1OC)OC)O)N.Cl","methoxamine"
"668","COc1c2c(cco2)cc2ccc(=O)oc12","methoxsalen"
"669","Cc1cc(ccc1OCCOCC[N+](C)(C)Cc1ccccc1)C(C)(C)CC(C)(C)C.[Cl-]","methylbenzethonium chloride"
"670","C[C@](Cc1ccc(c(c1)O)O)(C(=O)O)N","methyldopa"
"671","CCOC(=O)[C@](C)(Cc1ccc(c(c1)O)O)N.Cl","methyldopate"
"672","CC[C@@H](CO)N=C([C@@H]1C=C2c3cccc4c3c(C[C@H]2N(C)C1)c[nH]4)O.C(=C\C(=O)O)/C(=O)O","methylergometrine"
"673","C[C@H]1C[C@H]2[C@@H]3CC[C@](C(=O)CO)([C@@]3(C)C[C@@H]([C@@H]2[C@@]2(C)C=CC(=O)C=C12)O)O","methylprednisolone"
"674","Cc1cc2CCCS(=O)(=O)c2cc1S(=O)(=O)N","meticrane"
"675","CN1CCN(CC1)C1Cc2ccccc2Sc2ccc(cc12)SC.C(=C\C(=O)O)\C(=O)O","metitepine"
"676","CN1CCCC(CC2c3ccccc3Sc3ccccc23)C1.Cl","metixene"
"677","CCN(CC)CCN=C(c1cc(c(cc1OC)N)Cl)O.Cl","metoclopramide"
"678","Cc1ccccc1N1C(C)Nc2cc(c(cc2C1=O)S(=O)(=O)N)Cl","metolazone"
"679","COP(=O)(C(C(Cl)(Cl)Cl)O)OC","metrifonate"
"680","CC(=Nc1c(c(c(c(c1I)N(C)C(=O)C)I)C(=N[C@@H]1[C@H]([C@@H]([C@@H](CO)OC1O)O)O)O)I)O","metrizamide"
"681","Cc1ncc(n1CCO)N(=O)=O","metronidazole"
"682","CC(C)(c1cccnc1)C(=O)c1cccnc1","metyrapone"
"683","C[C@]1(CCOC(=O)C1)O","mevalolactone"
"684","Cc1cccc(C)c1OCC(C)N.Cl","mexiletine"
"685","CC(C)C[C@@H](C=O)N=C([C@H](CC(C)C)N=C([C@H](CC(C)C)N=C(O)OCc1ccccc1)O)O","MG-132"
"686","CN1CCN2c3ccccc3Cc3ccccc3C2C1.Cl","mianserin"
"687","c1cc(cc(c1COC(Cn1ccnc1)c1ccc(cc1Cl)Cl)Cl)Cl","miconazole"
"688","CCC(=O)O[C@@H]1CC(=O)O[C@H](C)CC=CC=C[C@@H]([C@H](C)C[C@H](CC=O)[C@@H]([C@H]1OC)OC1C(C(C(C(C)O1)OC1CC(C)(C(C(C)O1)OC(=O)CC)O)N(C)C)O)O","midecamycin"
"689","COc1ccc(c(c1)C(CN=C(CN)O)O)OC.Cl","midodrine"
"690","CC#C[C@@]1(CC[C@H]2[C@@H]3CCC4=CC(=O)CCC4=C3[C@H](C[C@]12C)c1ccc(cc1)N(C)C)O","mifepristone"
"691","Cc1c(cc(C#N)c(n1)O)c1ccncc1","milrinone"
"692","c1cn(CC(C(=O)O)N)cc(c1=O)O","mimosine"
"693","Cc1cc(c2ccccc2)n[nH]c1=NCCN1CCOCC1.Cl.Cl","minaprine"
"694","CN(C)c1ccc(c2c1C[C@H]1C[C@H]3[C@@H](C(=O)C(=C([C@]3(C(=O)C1=C2O)O)O)C(=N)O)N(C)C)O.Cl","minocycline"
"695","C1CCN(CC1)c1cc(N)n(c(=N)n1)O","minoxidil"
"696","c1cc(c2c(c1NCCNCCO)C(=O)c1c(ccc(c1C2=O)O)O)NCCNCCO.Cl.Cl","mitoxantrone"
"697","CC(C)c1ccc2c(c1)c(c(CC(C)(C)C(=O)O)n2Cc1ccc(cc1)Cl)SC(C)(C)C","MK-886"
"698","CCc1c(C)[nH]c2CCC(CN3CCOCC3)C(=O)c12.Cl","molindone"
"699","CCOC(=O)N=c1cn(no1)N1CCOCC1","molsidomine"
"700","C[C@@H]1C[C@H]2[C@@H]3CCC4=CC(=O)C=C[C@]4(C)[C@]3([C@H](C[C@]2(C)[C@]1(C(=O)CCl)OC(=O)c1ccco1)O)Cl","mometasone"
"701","CCOC(=O)C1=C(C)N=C(NC1c1cccc(c1)O)S","monastrol"
"702","CC[C@]1(CC[C@H]([C@]2(C)CCC3(C[C@@H]([C@@H](C)[C@@H]([C@@H](C)[C@H]([C@H](C)C(=O)[O-])OC)O3)O)O2)O1)[C@H]1[C@@H](C)C[C@H]([C@@H]2[C@@H](C)C[C@@H](C)[C@@](CO)(O)O2)O1.[Na+]","monensin"
"703","c1ccc(cc1)COc1ccc(cc1)O","monobenzone"
"704","C[C@H]1C(=O)O[C@@H]2CCN3CC=C(COC(=O)[C@@](C)([C@]1(C)O)O)[C@H]23","monocrotaline"
"705","C[C@@H]1C[C@@H]2[C@@H](C=CC=CC(=O)Cc3c(c(cc(c3Cl)O)O)C(=O)O1)O2","monorden"
"706","CCOC(=Nc1ccc2c(c1)N(c1ccccc1S2)C(=O)CCN1CCOCC1)O.Cl","moracizine"
"707","Cc1ccsc1/C=C/C1=NCCCN1C.[C@@H]([C@H](C(=O)O)O)(C(=O)O)O","morantel"
"708","C1COCCN1C(=N)NC(=N)N.Cl","moroxydine"
"709","CC(C)c1cc(c(C)cc1OCCN(C)C)OC(=O)C.Cl","moxisylyte"
"710","Cc1nc(c(c(n1)OC)NC1=NCCN1)Cl","moxonidine"
"711","c1ccc(c(c1)N)NC(=O)c1ccc(cc1)CN=C(O)OCc1cccnc1","MS-275"
"712","C/C(=C\Cc1c(c2c(COC2=O)c(C)c1OC)O)/CCC(=O)O","mycophenolic acid"
"713","c1cc(cnc1)C1=NCCC1","myosmine"
"714","c1c(cc(c(c1O)O)O)c1c(c(=O)c2c(cc(cc2o1)O)O)O","myricetin"
"715","CC(=NC(CC(=O)O)C(=O)O)O","N-acetyl-L-aspartic acid"
"716","CC(C)C[C@@H](C(=O)O)N=C(C)O","N-acetyl-L-leucine"
"717","C[C@H](C(=O)O)O[C@H]1C([C@@H](O)OC(CO)[C@H]1O)N=C(C)O","N-acetylmuramic acid"
"718","c1ccc(cc1)Nc1ccccc1C(=O)O","N-phenylanthranilic acid"
"719","CNc1c2c(ncn1)n(cn2)[C@H]1[C@@H]([C@@H]([C@@H](CO)O1)O)O","N6-methyladenosine"
"720","CC(=O)CCc1ccc2cc(ccc2c1)OC","nabumetone"
"721","c1cc(c[n+](c1)[C@H]1[C@@H]([C@@H]([C@@H](COP(=O)(O)OP(=O)([O-])OC[C@@H]2[C@H]([C@H]([C@H](n3cnc4c(N)ncnc34)O2)O)O)O1)O)O)C(=N)O","nadide"
"722","CC(C)(C)NCC(COc1cccc2C[C@H]([C@H](Cc12)O)O)O","nadolol"
"723","CCOc1ccc2ccccc2c1C(=N[C@@H]1C(=O)N2[C@@H](C(=O)O)C(C)(C)S[C@H]12)[O-].[Na+].O","nafcillin"
"724","CCN(CC)CCOC(=O)C(Cc1cccc2ccccc12)CC1CCCO1.C(=O)(C(=O)O)O","naftidrofuryl"
"725","CN(C/C=C/c1ccccc1)Cc1cccc2ccccc12.Cl","naftifine"
"726","COc1ccccc1N1CCN(CC1)CC(COc1cccc2ccccc12)O.Cl.Cl","naftopidil"
"727","C1CC(C1)CN1CC[C@]23c4c5ccc(c4O[C@H]2[C@H](CC[C@]3([C@H]1C5)O)O)O.Cl","nalbuphine"
"728","CCn1cc(c(=O)c2ccc(C)nc12)C(=O)[O-].[Na+].O","nalidixic acid"
"729","C=CCN1CC[C@]23c4c5ccc(c4O[C@H]2C(=O)CC[C@]3([C@H]1C5)O)O.Cl","naloxone"
"730","C1CC1CN1CC[C@]23c4c5ccc(c4O[C@H]2C(=O)CC[C@]3([C@H]1C5)O)O.Cl.O.O","naltrexone"
"731","CCN1C[C@]2(C)CC[C@@H]([C@]34[C@@H]2C[C@@H](C14)[C@@]12C[C@H](C(=C)[C@H]2O)[C@H](C[C@@H]31)O)O","napelline"
"732","c1ccc2c(c1)cccc2CC1=NCCN1.Cl","naphazoline"
"733","C[C@H](c1ccc2cc(ccc2c1)OC)C(=O)[O-].[Na+]","naproxen"
"734","c1cc(ccc1C1CC(=O)c2c(cc(cc2O1)O)O)O","naringenin"
"735","C[C@H]1[C@@H]([C@H]([C@H]([C@@H](O1)O[C@@H]1[C@H]([C@@H]([C@@H](CO)O[C@H]1Oc1cc(c2C(=O)C[C@@H](c3ccc(cc3)O)Oc2c1)O)O)O)O)O)O","naringin"
"736","CC1CC=CC=CC=CC=CC(CC2C(C(CC(CC(CC3C(C=CC(=O)O1)O3)O)(O)O2)O)C(=O)O)OC1C(C(C(C(C)O1)O)N)O","natamycin"
"737","CN1CCOC(c2ccccc2)c2ccccc2C1.Cl","nefopam"
"738","C1[C@H]([C@@H]([C@H]([C@@H]([C@H]1N)O[C@@H]1[C@@H]([C@H]([C@@H]([C@@H](CN)O1)O)O)N)O[C@H]1[C@@H]([C@@H]([C@@H](CO)O1)O[C@@H]1[C@@H]([C@H]([C@@H]([C@H](CN)O1)O)O)N)O)O)N","neomycin"
"739","CN(C)C(=O)Oc1cccc(c1)[N+](C)(C)C.[Br-]","neostigmine bromide"
"740","c1ccc(cc1)CN=C(CCNNC(=O)c1ccncc1)O","nialamide"
"741","CC1=C(C(c2cccc(c2)N(=O)=O)C(=C(C)N1)C(=O)OCCN(C)Cc1ccccc1)C(=O)OC.Cl","nicardipine"
"742","Cn1cc2C[C@@H]3[C@](C[C@H](CN3C)COC(=O)c3cc(cnc3)Br)(c3cccc1c23)OC","nicergoline"
"743","c1cc(c(cc1Cl)C(=Nc1ccc(cc1Cl)N(=O)=O)O)O","niclosamide"
"744","c1cc(cnc1)C(=O)O","nicotinic acid"
"745","CC1=C(C(c2ccccc2N(=O)=O)C(=C(C)N1)C(=O)OC)C(=O)OC","nifedipine"
"746","CC1=C(C(c2ccccc2N(=O)=O)C(=C(C)N1)C(=O)OC)C(=O)OC","nifedipine"
"747","Cc1c(c(=O)n(c2ccccc2)n1C)N=C(c1cccnc1)O","nifenazone"
"748","c1cc(cc(c1)Nc1c(cccn1)C(=O)O)C(F)(F)F","niflumic acid"
"749","c1cc(ccc1C(=O)N/N=C/c1ccc(N(=O)=O)o1)O","nifuroxazide"
"750","CC1CS(=O)(=O)CCN1/N=C/c1ccc(N(=O)=O)o1","nifurtimox"
"751","CC1(C)C(=O)N(c2ccc(c(c2)C(F)(F)F)N(=O)=O)C(=N1)O","nilutamide"
"752","CS(=O)(=O)Nc1ccc(cc1Oc1ccccc1)N(=O)=O","nimesulide"
"753","CC(C)OC(=O)C1=C(C)NC(=C(C1c1cccc(c1)N(=O)=O)C(=O)OCCOC)C","nimodipine"
"754","C1CN(C(=N1)O)c1ncc(N(=O)=O)s1","niridazole"
"755","CNCCC(c1ccccc1)Oc1ccccc1OC.Cl","nisoxetine"
"756","CCOC(=O)C1=C(C)NC(=C(C1c1cccc(c1)N(=O)=O)C(=O)OC)C","nitrendipine"
"757","CCOC(=O)C1=C(C)NC(=C(C1c1cccc(c1)N(=O)=O)C(=O)OC)C","nitrendipine"
"758","c1cc(N(=O)=O)oc1/C=N/NC(=N)O","nitrofural"
"759","c1cc(N(=O)=O)oc1/C=N/N1CC(=NC1=O)O","nitrofurantoin"
"760","CN/C(=C\N(=O)=O)/NCCSCc1csc(CN(C)C)n1","nizatidine"
"761","COC(=Nc1nc2ccc(cc2[nH]1)C(=O)c1cccs1)O","nocodazole"
"762","COC(=Nc1nc2ccc(cc2[nH]1)C(=O)c1cccs1)O","nocodazole"
"763","CC1=C[C@@H]2[C@H](CC[C@@]3(C)[C@H]2CC[C@@]3(C(=O)C)OC(=O)C)[C@H]2CCC(=O)C=C12","nomegestrol"
"764","CN1CC(c2ccccc2)c2cccc(c2C1)N.C(=C\C(=O)O)\C(=O)O","nomifensine"
"765","CNCCC=C1c2ccccc2C=Cc2ccccc12","norcyclobenzaprine"
"766","CC(Cc1ccc(c(c1)O)O)C(C)Cc1ccc(c(c1)O)O","nordihydroguaiaretic acid"
"767","C#C[C@@]1(CC[C@H]2[C@@H]3CCC4=CC(=O)CC[C@@H]4[C@H]3CC[C@]12C)O","norethisterone"
"768","C#C[C@@]1(CC[C@H]2[C@@H]3CCC4=C(CCC(=O)C4)[C@H]3CC[C@]12C)O","noretynodrel"
"769","CCn1cc(c(=O)c2cc(c(cc12)N1CCNCC1)F)C(=O)O","norfloxacin"
"770","CNCCC=C1c2ccccc2CCc2ccccc12.Cl","nortriptyline"
"771","CN1CCc2cc3c(c(c2[C@@H]1[C@@H]1c2ccc(c(c2C(=O)O1)OC)OC)OC)OCO3","noscapine"
"772","CC(=CCc1cc(ccc1[O-])C(=O)Nc1c(c2ccc(c(C)c2oc1=O)O[C@H]1C([C@H]([C@H](C(C)(C)O1)OC)OC(=N)O)O)O)C.[Na+]","novobiocin"
"773","CS(=O)(=O)Nc1ccc(cc1OC1CCCCC1)N(=O)=O","NS-398"
"774","Cc1nc2c(cccc2O)c(n1)O","NU-1025"
"775","C[C@H]1C=CC=CCCC=CC=CC=CC=CC(CC2C(C(C[C@](CC(C(CCC(CC(CC(CC(=O)O[C@@H](C)[C@H](C)[C@@H]1O)O)O)O)O)O)(O)O2)O)C(=O)O)OC1C(C(C(C(C)O1)O)N)O","nystatin"
"776","CC1COc2c3c(cc(c2N2CCN(C)CC2)F)c(=O)c(cn13)C(=O)O","ofloxacin"
"777","C[C@H]1C[C@@]2(CO2)C(=O)[C@H](C)[C@H]([C@@H](C)[C@@H](C)OC(=O)[C@H](C)[C@H]([C@H](C)[C@H]1O[C@H]1[C@@H]([C@H](C[C@@H](C)O1)N(C)C)O)O[C@H]1C[C@@H]([C@H]([C@H](C)O1)O)OC)O.OP(=O)(O)O","oleandomycin"
"778","CC[C@@H]1C=CC=CC[C@H](C)[C@H]([C@@](C)(C(=O)[C@H](C)[C@H]([C@H](C)C(=O)[C@H](C)[C@H]([C@H](C)C=CC(=O)O[C@H]2[C@@H](C)[C@@H](CC1)O[C@@]1(CC[C@@H](C)[C@@H](C[C@H](C)O)O1)[C@@H]2C)O)O)O)O","oligomycin"
"779","Cc1cnc(CS(=O)c2nc3ccc(cc3[nH]2)OC)c(C)c1OC","omeprazole"
"780","Cc1nccn1CC1CCc2c(c3ccccc3n2C)C1=O.Cl","ondansetron"
"781","CC(C)NCC(c1cc(cc(c1)O)O)O.CC(C)NCC(c1cc(cc(c1)O)O)O.OS(=O)(=O)O","orciprenaline"
"782","CCCCCCCCCCC[C@@H](C[C@H]1[C@H](CCCCCC)C(=O)O1)OC(=O)[C@H](CC(C)C)N=CO","orlistat"
"783","Cc1ncc(n1CC(CCl)O)N(=O)=O","ornidazole"
"784","Cc1ccccc1C(c1ccccc1)OCCN(C)C.Cl","orphenadrine"
"785","C[C@H]1[C@@H]([C@H]([C@H]([C@@H](O1)O[C@H]1C[C@H]([C@]2(CO)[C@@H]3[C@@H](CC[C@@]2(C1)O)[C@]1(CC[C@H](C2=CC(=O)OC2)[C@@]1(C)C[C@H]3O)O)O)O)O)O.O.O.O.O.O.O.O.O","ouabain"
"786","C(=O)(C(=O)[O-])N.[Na+]","oxamic acid"
"787","CC(C)NCC1CCc2cc(CO)c(cc2N1)N(=O)=O","oxamniquine"
"788","c1ccc(cc1)c1c(c2ccccc2)oc(CCC(=O)O)n1","oxaprozin"
"789","CC(C)(Cc1ccccc1)N(C)C(=O)CN(CCO)CC(=O)N(C)C(C)(C)Cc1ccccc1","oxetacaine"
"790","CCN(CC)CCc1nc(c2ccccc2)no1.C(C(=O)O)C(CC(=O)O)(C(=O)O)O","oxolamine"
"791","CCn1cc(c(=O)c2cc3c(cc12)OCO3)C(=O)O","oxolinic acid"
"792","C=CCOc1ccccc1OCC(CNC(C)C)O.Cl","oxprenolol"
"793","COc1ccc(c(c1)O)C(=O)c1ccccc1","oxybenzone"
"794","CCCCOc1cc(ccc1N)C(=O)OCCN(CC)CC.Cl","oxybuprocaine"
"795","CCN(CC)CC#CCOC(=O)C(c1ccccc1)(C1CCCCC1)O.Cl","oxybutynin"
"796","Cc1cc(c(c(C)c1CC1=NCCN1)O)C(C)(C)C.Cl","oxymetazoline"
"797","CCCCC1C(=O)N(c2ccccc2)N(c2ccc(cc2)O)C1=O","oxyphenbutazone"
"798","C[C@]1(c2cccc(c2C(=C2[C@@H]1[C@@H]([C@H]1[C@@H](C(=O)C(=C([C@]1(C2=O)O)O)C(=N)O)N(C)C)O)O)O)O.O.O","oxytetracycline"
"799","c1cc(ccc1/C=C/C(=O)O)Cn1ccnc1.Cl","ozagrel"
"800","CC1=C2[C@H](C(=O)[C@]3(C)[C@H](C[C@@H]4[C@@](CO4)(C3C([C@](C[C@@H]1OC(=O)[C@@H]([C@H](c1ccccc1)N=C(c1ccccc1)O)O)(C2(C)C)O)OC(=O)c1ccccc1)OC(=O)C)O)OC(=O)C","paclitaxel"
"801","COc1ccc2cc3c4cc(c(cc4CC[n+]3cc2c1OC)OC)OC.[Cl-]","palmatine"
"802","CC(=O)O[C@H]1C[C@@H]2CC[C@@H]3[C@H](CC[C@@]4(C)[C@H]3C[C@@H]([C@@H]4OC(=O)C)[N+]3(C)CCCCC3)[C@@]2(C)C[C@@H]1[N+]1(C)CCCCC1.[Br-].[Br-]","pancuronium bromide"
"803","COc1ccc(Cc2c3cc(c(cc3ccn2)OC)OC)cc1OC.Cl","papaverine"
"804","CC(=Nc1ccc(cc1)O)O","paracetamol"
"805","c1cc(ccc1C(c1ccc(cc1)N)(c1ccc(cc1)N)O)N","pararosaniline"
"806","CCCCc1ccc2c(c1)[nH]c(n2)N=C(O)OC","parbendazole"
"807","C#CCN(C)Cc1ccccc1.Cl","pargyline"
"808","C1[C@H]([C@@H]([C@H]([C@@H]([C@H]1N)O[C@@H]1[C@@H]([C@H]([C@@H]([C@@H](CO)O1)O)O)N)O[C@H]1[C@@H]([C@@H]([C@@H](CO)O1)O[C@@H]1[C@@H]([C@H]([C@@H]([C@H](CN)O1)O)O)N)O)O)N.OS(=O)(=O)O","paromomycin"
"809","c1cc(ccc1[C@@H]1CCNC[C@H]1COc1ccc2c(c1)OCO2)F.C(=C\C(=O)O)\C(=O)O","paroxetine"
"810","CC1=CCC[C@]2(C)[C@@H]([C@@H]3[C@@H](CC1)C(=C)C(=O)O3)O2","parthenolide"
"811","CC1(C)CCCC(C)(C)N1C.[C@@H]([C@H](C(=O)O)O)(C(=O)O)O","pempidine"
"812","CC(C)(C)NC[C@@H](COc1ccccc1C1CCCC1)O","penbutolol"
"813","C(CCOc1ccc(cc1)C(=N)N)CCOc1ccc(cc1)C(=N)N.C(CS(=O)(=O)O)O.C(CS(=O)(=O)O)O","pentamidine"
"814","C(CCOc1ccc(cc1)C(=N)N)CCOc1ccc(cc1)C(=N)N.C(CS(=O)(=O)O)O.C(CS(=O)(=O)O)O","pentamidine"
"815","C(CN(CC(=O)O)CC(=O)O)N(CCN(CC(=O)O)CC(=O)O)CC(=O)O","pentetic acid"
"816","C1CCc2nnnn2CC1","pentetrazol"
"817","C[N+]1(CCCCC[N+]2(C)CCCC2)CCCC1.[C@@H]([C@H](C(=O)[O-])O)(C(=O)[O-])O.[C@@H]([C@H](C(=O)O)O)(C(=O)O)O","pentolonium"
"818","CC(=O)CCCCn1c(=O)c2c(ncn2C)n(C)c1=O","pentoxifylline"
"819","CCN(CC)CCOCCOC(=O)C1(CCCC1)c1ccccc1.C(C(=O)O)C(CC(=O)O)(C(=O)O)O","pentoxyverine"
"820","CC(C)C[C@@H]([C@H](CC(=N[C@@H](C)C(=N[C@@H](CC(C)C)[C@H](CC(=O)O)O)O)O)O)N=C([C@H](C(C)C)N=C([C@H](C(C)C)N=C(CC(C)C)O)O)O","pepstatin"
"821","CCCN1C[C@@H](C[C@@H]2c3cccc4c3c(C[C@@H]12)c[nH]4)CSC.CS(=O)(=O)O","pergolide"
"822","C1CCC(CC1)C(CC1CCCCN1)C1CCCCC1.C(=C\C(=O)O)\C(=O)O","perhexiline"
"823","c1ccc2c(c1)N(CCCN1CCN(CC1)CCO)c1cc(ccc1S2)Cl","perphenazine"
"824","CCOc1ccc(cc1)N=C(C)O","phenacetin"
"825","Cc1cc(=O)n(c2ccccc2)n1C","phenazone"
"826","c1ccc(cc1)N=Nc1ccc(=N)[nH]c1N.Cl","phenazopyridine"
"827","c1ccc(cc1)CCNN.OS(=O)(=O)O","phenelzine"
"828","CC(C(=N[C@@H]1C(=O)N2[C@@H](C(=O)O)C(C)(C)S[C@H]12)[O-])Oc1ccccc1.[K+]","pheneticillin"
"829","c1ccc(cc1)CCNC(=N)NC(=N)N.Cl","phenformin"
"830","c1ccc(cc1)CCNC(=N)NC(=N)N.Cl","phenformin"
"831","c1ccc(cc1)C1C(=O)c2ccccc2C1=O","phenindione"
"832","CN(C)CCC(c1ccccc1)c1ccccn1.C(=C\C(=O)O)\C(=O)O","pheniramine"
"833","CC(COc1ccccc1)N(CCCl)Cc1ccccc1.Cl","phenoxybenzamine"
"834","CN1C(=O)CC(c2ccccc2)C1=O","phensuximide"
"835","Cc1ccc(cc1)N(CC1=NCCN1)c1cccc(c1)O.Cl","phentolamine"
"836","c1ccc(cc1)NC(=N)NC(=N)N.Cl","phenyl biguanide"
"837","C[C@H]([C@H](c1ccccc1)O)N.Cl","phenylpropanolamine"
"838","c1ccc(c(c1)C(=O)Nc1ccc(cc1)S(=O)(=O)Nc1nccs1)C(=O)O","phthalylsulfathiazole"
"839","C[C@]12CCN(C)[C@@H]2N(C)c2ccc(cc12)OC(=NC)O.C[C@]12CCN(C)[C@@H]2N(C)c2ccc(cc12)OC(=NC)O.OS(=O)(=O)O","physostigmine"
"840","COc1ccc(cc1C(=NCc1cccnc1)O)C(=NCc1cccnc1)O.O","picotamide"
"841","C=C(C)C1C2C(=O)OC1C1C3(C)C2(CC2C3(C(=O)O1)O2)O","picrotoxinin"
"842","CC[C@H]1[C@@H](Cc2cncn2C)COC1=O.N(=O)(=O)O","pilocarpine"
"843","CN1CCC(=C2c3ccccc3Sc3ccccc23)CC1.C(=C\C(=O)O)\C(=O)O","pimethixene"
"844","c1ccc2c(c1)nc(n2C1CCN(CCCC(c2ccc(cc2)F)c2ccc(cc2)F)CC1)O","pimozide"
"845","CC(C(C)(C)C)NC(=NC#N)N=c1cc[nH]cc1","pinacidil"
"846","CC(C)NCC(COc1cccc2c1cc[nH]2)O","pindolol"
"847","CCc1ccc(CCOc2ccc(cc2)CC2C(=NC(=O)S2)O)nc1.Cl","pioglitazone"
"848","CCn1cc(c(=O)c2cnc(nc12)N1CCNCC1)C(=O)O","pipemidic acid"
"849","CC[N+]1(C)CCCC(C1)OC(=O)C(c1ccccc1)(c1ccccc1)O.[Br-]","pipenzolate bromide"
"850","CC(=O)c1ccc2c(c1)N(CCCN1CCC(CC1)CCO)c1ccccc1S2","piperacetazine"
"851","CCN1CCCC(C1)OC(=O)C(c1ccccc1)c1ccccc1.Cl","piperidolate"
"852","C1CCN(CC1)C(=O)/C=C/C=C/c1ccc2c(c1)OCO2","piperine"
"853","COc1cc(/C=C/C(=O)N2CCC=CC2=O)cc(c1OC)OC","piperlongumine"
"854","C1CC(=O)N(C1)CC(=N)O","piracetam"
"855","Cc1c(CCN2CCC(CC2)C(=O)c2ccc(cc2)F)c(=O)n2ccccc2n1","pirenperone"
"856","CN1CCN(CC1)CC(=O)N1c2ccccc2C(=Nc2cccnc12)O.Cl.Cl","pirenzepine"
"857","c1ccc(cc1)Oc1c(cc(cc1S(=O)(=O)N)C(=O)O)N1CCCC1","piretanide"
"858","c1cnc(nc1)N1CCN(CC1)Cc1ccc2c(c1)OCO2.Cl","piribedil"
"859","Cc1cccc(c1C)N=c1cc(Cl)nc([nH]1)SCC(=O)O","pirinixic acid"
"860","Cc1ccc2c(c1)c1CCCC3c1n2CCN3.CS(=O)(=O)O","pirlindole"
"861","CCn1cc(c(=O)c2cnc(nc12)N1CCCC1)C(=O)O","piromidic acid"
"862","CN1C(=C(c2ccccc2S1(=O)=O)O)C(=Nc1ccccn1)O","piroxicam"
"863","CC(C)(C)C(=O)OCOC(=O)[C@H]1C(C)(C)S[C@@H]2[C@@H](C(=O)N12)N=C([C@@H](c1ccccc1)N)O","pivampicillin"
"864","CC(C)(C)C(=O)OCOC(=O)[C@H]1C(C)(C)S[C@@H]2[C@@H](C(=O)N12)N=CN1CCCCCC1.Cl","pivmecillinam"
"865","CN1CCC(=C2c3ccccc3CCc3c2ccs3)CC1.C(C(C(=O)O)O)C(=O)O","pizotifen"
"866","COc1cc(cc(c1OC)OC)[C@@H]1c2cc3c(cc2[C@@H]([C@H]2COC(=O)[C@H]12)O)OCO3","podophyllotoxin"
"867","CC(C)NCC(COc1ccc(cc1)N=C(C)O)O","practolol"
"868","Cn1ccccc1=CN=O.Cl","pralidoxime"
"869","CCCCOc1ccc(cc1)OCCCN1CCOCC1.Cl","pramocaine"
"870","CC(=O)O[C@H]1CC[C@@]2(C)C(=CC[C@H]3[C@@H]4CCC(=O)[C@@]4(C)CC[C@H]23)C1","prasterone"
"871","C1CCC(CC1)C(=O)N1CC2c3ccccc3CCN2C(=O)C1","praziquantel"
"872","COc1cc2c(cc1OC)nc([nH]c2=N)N1CCN(CC1)C(=O)c1ccco1.Cl","prazosin"
"873","COc1cc2c(cc1OC)nc([nH]c2=N)N1CCN(CC1)C(=O)c1ccco1.Cl","prazosin"
"874","CCC(=O)OCC(=O)[C@]1(CC[C@H]2[C@@H]3CCC4=CC(=O)C=C[C@]4(C)[C@H]3[C@H](C[C@]12C)O)OC(=O)OCC","prednicarbate"
"875","C[C@]12C=CC(=O)C=C1CC[C@H]1[C@@H]3CC[C@](C(=O)CO)([C@@]3(C)C[C@@H]([C@H]21)O)O","methylprednisolone"
"876","C[C@]12C=CC(=O)C=C1CC[C@H]1[C@@H]3CC[C@](C(=O)CO)([C@@]3(C)C[C@@H]([C@H]21)O)O","prednisolone"
"877","C[C@]12C=CC(=O)C=C1CC[C@H]1[C@@H]3CC[C@](C(=O)CO)([C@@]3(C)CC(=O)[C@H]21)O","prednisone"
"878","CC(=O)[C@H]1CC[C@H]2[C@@H]3CC=C4C[C@H](CC[C@]4(C)[C@H]3CC[C@]12C)O","pregnenolone"
"879","CC(Cc1ccccc1)NCCC(c1ccccc1)c1ccccc1","prenylamine"
"880","CC(C)Sc1ccc2c(c1)[nH]c(n2)N=C(O)OC","Prestwick-1080"
"881","CCN1CC2(CC[C@@H]([C@@]34[C@@H]5C[C@@H]6[C@H](C[C@]([C@H](C[C@H]23)C14)([C@H]5[C@H]6OC(=O)C)O)OC)O)COC","Prestwick-1083"
"882","CC(CO)(C1Cc2c(c3ccccc3nc2O1)OC)O","Prestwick-1085"
"883","CC(=CCC/C(=C/CC/C(=C/CC/C(=C/CC1=C(C)C(=O)c2ccccc2C1=O)/C)/C)/C)C","Prestwick-1100"
"884","C1[C@H](C([C@@H](CC1(C(=O)O)O)O)O)O","Prestwick-1103"
"885","c1cc(c(cc1[C@@H]1[C@H](Cc2c(cc(cc2O1)O)O)O)O)O","Prestwick-642"
"886","CC(C)(C(COc1ccc2c(c1OC)nc1c(cco1)c2OC)O)O","Prestwick-665"
"887","Cn1c2ccccc2c(=O)cc1c1ccc2c(c1)OCO2","Prestwick-674"
"888","c1ccc2c(c1)c1CCN3C4CCC(C5C4CCCN5)C3c1[nH]2.Cl.Cl","Prestwick-685"
"889","CN1CCC2=C[C@H](C3C(c4cc5c(cc4C(=O)O3)OCO5)[C@@H]12)OC.N(=O)(=O)O","Prestwick-689"
"890","CN1C2CCC1CC(C2)OC(=O)c1ccc(c(c1)OC)O","Prestwick-691"
"891","CC(C)(C)NC[C@@H](COc1cccc2c1CCCC2=O)O.Cl","Prestwick-857"
"892","C[C@H]1C(=NC(=N1)O)O","Prestwick-860"
"893","C[C@@H]1C(=NC(=N1)O)O","Prestwick-864"
"894","c1ccc(cc1)C1CCN(CC1)C1CCCCC1O.Cl","Prestwick-920"
"895","CN1C2CC(=O)CC1C(C2)O","Prestwick-967"
"896","C1CNCc2c1c(no2)O.Cl","Prestwick-972"
"897","CCN(CC)CCOC(=O)C1(CCCC1)c1ccc(cc1)N(=O)=O.Cl","Prestwick-981"
"898","CN(C)CCCSC(=N)N.Cl.Cl","Prestwick-983"
"899","COc1ccc2c3CCN4C[C@H]5C[C@H]([C@@H]([C@H]([C@H]5C[C@@H]4c3[nH]c2c1)C(=O)O)OC)O.Cl","Prestwick-984"
"900","c1ccc(cc1)C(CCN1CCCCC1)(c1ccccc1)O.CS(=O)(=O)O","pridinol"
"901","CCCNC(C)C(=Nc1ccccc1C)O.Cl","prilocaine"
"902","CC(CCCN)Nc1cc(cc2cccnc12)OC.OP(=O)(O)O.OP(=O)(O)O","primaquine"
"903","CCC1(c2ccccc2)C(=NCN=C1O)O","primidone"
"904","CCCC(c1ccccc1)(c1ccccc1)C(=O)OCCN(CC)CC.Cl","proadifen"
"905","CCCN(CCC)S(=O)(=O)c1ccc(cc1)C(=O)O","probenecid"
"906","CC(C)(C)c1cc(cc(c1O)C(C)(C)C)SC(C)(C)Sc1cc(c(c(c1)C(C)(C)C)O)C(C)(C)C","probucol"
"907","CC(C)(C)c1cc(cc(c1O)C(C)(C)C)SC(C)(C)Sc1cc(c(c(c1)C(C)(C)C)O)C(C)(C)C","probucol"
"908","CCN(CC)CCNC(=O)c1ccc(cc1)N.Cl","procainamide"
"909","CCN(CC)CCOC(=O)c1ccc(cc1)N.Cl","procaine"
"910","CC(C)NC(=O)c1ccc(cc1)CNNC.Cl","procarbazine"
"911","CN1CCN(CCCN2c3ccccc3Sc3ccc(cc23)Cl)CC1.C(=C\C(=O)O)\C(=O)O.C(=C\C(=O)O)\C(=O)O","prochlorperazine"
"912","c1ccc(cc1)C(CCN1CCCC1)(C1CCCCC1)O.Cl","procyclidine"
"913","CCN(CC)C(C)CN1c2ccccc2Sc2ccccc12.Cl","profenamine"
"914","CC(=O)[C@H]1CC[C@H]2[C@@H]3CCC4=CC(=O)CC[C@]4(C)[C@H]3CC[C@]12C","progesterone"
"915","CCCN(CCC)C(=O)C(CCC(=O)O)N=C(c1ccccc1)O","proglumide"
"916","CC(C)NC(=N)NC(=N)Nc1ccc(cc1)Cl.Cl","proguanil"
"917","CN(C)CCCN1c2ccccc2Sc2ccccc12.Cl","promazine"
"918","CC(CN1c2ccccc2Sc2ccccc12)N(C)C.Cl","promethazine"
"919","CC(C)NCC(c1ccc2ccccc2c1)O.Cl","pronetalol"
"920","CCCNCC(COc1ccccc1C(=O)CCc1ccccc1)O.Cl","propafenone"
"921","CC(C)[N+](C)(CCOC(=O)C1c2ccccc2Oc2ccccc12)C(C)C.[Br-]","propantheline bromide"
"922","CC[N+](C)(CC)CCCn1c2cc(=N)ccc2c2ccc(cc2c1c1ccccc1)N.[I-].I","propidium iodide"
"923","CC(C)c1cccc(C(C)C)c1O","propofol"
"924","CCCOc1cc(ccc1C(=O)OCCN(CC)CC)N.Cl","propoxycaine"
"925","CC(C)NCC(COc1cccc2ccccc12)O.Cl","dexpropranolol"
"926","CCCc1cc(nc(n1)S)O","propylthiouracil"
"927","CC1[C@@H]([C@@H](C([C@@H](O1)O[C@H]1CC[C@@]2(C)C(=C1)CC[C@@H]1[C@@H]2CC[C@]2(C)[C@H](CC[C@]12O)c1ccc(=O)oc1)O)O)O","proscillaridin"
"928","CC[C@@H](C)C(=O)O[C@H]1[C@@H]([C@H]2[C@@H](CN3C[C@@H](C)CC[C@H]3[C@@]2(C)O)[C@@H]2C[C@@]34[C@@H]([C@@H]([C@@H]([C@H]5[C@]3(C)CC[C@@H]([C@@]5(O)O4)OC(=O)[C@](C)(CC)O)OC(=O)C)OC(=O)C)[C@]12O)O","protoveratrine A"
"929","CNCCCC1c2ccccc2C=Cc2ccccc12.Cl","protriptyline"
"930","CCCOc1ccc(cc1N)C(=O)OCCN(CC)CC.Cl","proxymetacaine"
"931","CC(Cn1cnc2c1c(=O)n(C)c(=O)n2C)O","proxyphylline"
"932","CN1[C@H]2CCC[C@@H]1CC(=O)C2.Cl","pseudopelletierine"
"933","CN(C)c1c2c(ncn1)n(cn2)C1C(C(C(CO)O1)N=C([C@H](Cc1ccc(cc1)OC)N)O)O.Cl.Cl","puromycin"
"934","CN1CCCN=C1/C=C/c1cccs1.[C@@H]([C@H](C(=O)O)O)(C(=O)O)O","pyrantel"
"935","c1cnc(cn1)C(=N)O","pyrazinamide"
"936","Cc1c(c(CO)c(cn1)CO)O.Cl","pyridoxine"
"937","CCc1c(c2ccc(cc2)Cl)c(N)[nH]c(=N)n1","pyrimethamine"
"938","CCC1(CC)C(=O)C=CN=C1O","pyrithyldione"
"939","Cc1cc(C=Cc2ccc3cc(ccc3[n+]2C)N(C)C)c(C)n1c1ccccc1.Cc1cc(C=Cc2ccc3cc(ccc3[n+]2C)N(C)C)c(C)n1c1ccccc1.c1ccc2c(c1)cc(c(c2Cc1c2ccccc2cc(c1[O-])C(=O)O)[O-])C(=O)O","pyrvinium"
"940","c1cc(c(cc1c1c(c(=O)c2c(cc(cc2o1)O)O)O)O)O.O.O","quercetin"
"941","CCC1Nc2cc(c(cc2C(=N1)O)S(=O)(=O)N)Cl","quinethazone"
"942","C=C[C@H]1CN2CC[C@H]1C[C@@H]2[C@H](c1ccnc2ccc(cc12)OC)O.Cl.O","quinidine"
"943","CCCCc1cc2ccccc2c(n1)OCCN(C)C.Cl","quinisocaine"
"944","CCCN1CCC[C@@H]2Cc3c(C[C@@H]12)c[nH]n3.Cl","quinpirole"
"945","CCCN1CCC[C@@H]2Cc3c(C[C@@H]12)c[nH]n3.Cl","quinpirole"
"946","c1ccc2c(c1)ccc(n2)N1CCNCC1.C(=C\C(=O)O)\C(=O)O.C(=C\C(=O)O)\C(=O)O","quipazine"
"947","CC(=O)SCC(Cc1ccccc1)C(=NCC(=O)OCc1ccccc1)O","racecadotril"
"948","C1CCN(CC1)CCOc1ccc(cc1)C(=O)c1c2ccc(cc2sc1c1ccc(cc1)O)O.Cl","raloxifene"
"949","C1CCN(CC1)CCOc1ccc(cc1)C(=O)c1c2ccc(cc2sc1c1ccc(cc1)O)O.Cl","raloxifene"
"950","CC(C)Nc1c(C)n(C)n(c2ccccc2)c1=O.Cl","ramifenazone"
"951","CCOC(=O)[C@H](CCc1ccccc1)N[C@@H](C)C(=O)N1[C@H]2CCC[C@H]2C[C@H]1C(=O)O","ramipril"
"952","CN/C(=C\N(=O)=O)/NCCSCc1ccc(CN(C)C)o1.Cl","ranitidine"
"953","C[C@H]1[C@H]2CN3CCc4c5ccccc5[nH]c4[C@@H]3C[C@@H]2C(=CO1)C(=O)OC.Cl","raubasine"
"954","CCN1CCC[C@H]1CN=C(c1c(ccc(c1OC)Br)OC)O.Cl","remoxipride"
"955","CCOc1cc(ccc1C(=O)O)CC(=N[C@@H](CC(C)C)c1ccccc1N1CCCCC1)O","repaglinide"
"956","COc1ccc2c3CCN4C[C@H]5C[C@H]([C@@H]([C@H]([C@H]5C[C@@H]4c3[nH]c2c1)C(=O)OC)OC)OC(=O)/C=C/c1cc(c(c(c1)OC)OC)OC","rescinnamine"
"957","COc1ccc2c3CCN4C[C@H]5C[C@H]([C@@H]([C@H]([C@H]5C[C@@H]4c3[nH]c2c1)C(=O)OC)OC)OC(=O)c1cc(c(c(c1)OC)OC)OC","reserpine"
"958","C(=C\c1cc(cc(c1)O)O)/c1ccc(cc1)O","resveratrol"
"959","C(=C\c1cc(cc(c1)O)O)/c1ccc(cc1)O","resveratrol"
"960","C/C=C\1/C[C@@H](C)[C@](CO)(C(=O)OCC2=CCN3CC[C@H]([C@@H]23)OC1=O)O","retrorsine"
"961","C([C@@H]1[C@H]([C@H]([C@H](n2cnc(C(=O)N)n2)O1)O)O)O","ribavirin"
"962","Cc1cc2c(cc1C)n(C[C@@H]([C@@H]([C@@H](CO)O)O)O)c1c(c(nc(=O)n1)O)n2","riboflavin"
"963","C1C(C(C(C(C1N)OC1C(C(C(C(CN)O1)O)O)N)O[C@H]1C([C@H]([C@@H](CO)O1)O)O)O)N.OS(=O)(=O)O","ribostamycin"
"964","Cn1ccc(c(C#N)c1=O)OC","ricinine"
"965","c1cc2c(cc1OC(F)(F)F)sc(=N)[nH]2.Cl","riluzole"
"966","CCC(=O)[C@@]1(C)[C@H](C)C[C@H]2[C@@H]3CCC4=CC(=O)C=C[C@]4(C)[C@H]3[C@H](C[C@]12C)O","rimexolone"
"967","Cc1c(CCN2CCC(CC2)c2c3ccc(cc3on2)F)c(=O)n2CCCCc2n1","risperidone"
"968","C[C@@H]([C@@H](c1ccc(cc1)O)O)NCCc1ccc(cc1)O.Cl","ritodrine"
"969","CS(=O)(=O)c1ccc(cc1)C1=C(c2ccccc2)C(=O)OC1","rofecoxib"
"970","COc1ccc(cc1OC1CCCC1)C1CC(=NC1)O","rolipram"
"971","Cn1c(COC(=N)O)ncc1N(=O)=O","ronidazole"
"972","CN(CCOc1ccc(cc1)CC1C(=NC(=O)S1)O)c1ccccn1","rosiglitazone"
"973","C=C(C)[C@H]1Cc2c(ccc3C(=O)[C@H]4c5cc(c(cc5OC[C@H]4Oc23)OC)OC)O1","rotenone"
"974","Cc1c(c(Cc2c(c3C=CC(C)(C)Oc3c(C(=O)/C=C/c3ccccc3)c2O)O)c(c(C(=O)C)c1O)O)O","rottlerin"
"975","c1cc(c(cc1[As](=O)(O)O)N(=O)=O)O","roxarsone"
"976","CC[C@@H]1[C@](C)([C@@H]([C@@H](C)/C(=N/OCOCCOC)/[C@H](C)C[C@](C)([C@@H]([C@@H](C)[C@@H]([C@@H](C)C(=O)O1)O[C@H]1C[C@](C)([C@H]([C@H](C)O1)O)OC)O[C@H]1[C@@H]([C@H](C[C@@H](C)O1)N(C)C)O)O)O)O","roxithromycin"
"977","CC(C)NC[C@@H](COc1cccc2ccccc12)O.Cl","S-propranolol"
"978","CC(C)(C)NCC(c1ccc(c(c1)CO)O)O","salbutamol"
"979","CC1c2cc(c(cc2CCN1)OC)OC.Cl","salsolidin"
"980","C[C@H]1c2cc(c(cc2CCN1)O)O.Br","salsolinol"
"981","C[n+]1cc2c(ccc3c2OCO3)c2ccc3cc4c(cc3c12)OCO4","sanguinarine"
"982","C[C@H]1[C@@H]2CC[C@@]3(C)C=CC(=O)C(=C3[C@H]2OC1=O)C","santonin"
"983","CC(C)(C)N=C([C@@H]1C[C@@H]2CCCC[C@@H]2CN1C[C@H]([C@H](Cc1ccccc1)N=C([C@H](CC(=N)O)NC(=O)c1ccc2ccccc2n1)O)O)O.CS(=O)(=O)O","saquinavir"
"984","[Sc]","SC-19220"
"985","COc1ccc(cc1)n1c(cc(C(F)(F)F)n1)c1ccc(cc1)Cl","SC-560"
"986","CS(=O)(=O)c1ccc(cc1)n1c(cc(C(F)(F)F)n1)c1ccc(cc1)F","SC-58125"
"987","CN1[C@@H]2CC(C[C@H]1[C@H]1[C@@H]2O1)OC(=O)[C@H](CO)c1ccccc1.Cl","scopolamine"
"988","CN1(=O)[C@@H]2CC(C[C@H]1[C@H]1[C@@H]2O1)OC(=O)[C@H](CO)c1ccccc1.Br","scopolamine N-oxide"
"989","COc1cc2ccc(=O)oc2cc1O","scopoletin"
"990","COc1ccc2CC3c4cc(c(cc4CCN3Cc2c1O)OC)O","scoulerine"
"991","C(CCC(=NO)O)CCn1c(=O)c2cccc3cccc(c23)c1=O","scriptaid"
"992","C1CCN2[C@@H]3C=CC4=CC(=O)O[C@]4(C3)[C@H]2C1","securinine"
"993","C#CCN(C)[C@H](C)Cc1ccccc1.Cl","selegiline"
"994","CC1CCC(CC1)N=C(N(CCCl)N=O)O","semustine"
"995","C/C=C\1/CC(=C)[C@](C)(C(=O)OCC2=CCN3CC[C@H]([C@@H]23)OC1=O)O","seneciphylline"
"996","c1cc2c(cc1O)c(CCN)c[nH]2.Cl","serotonin"
"997","c1cc2c(COC(Cn3ccnc3)c3ccc(cc3Cl)Cl)csc2c(c1)Cl.N(=O)(=O)O","sertaconazole"
"998","CCC(C)(C)C(=O)O[C@H]1C[C@@H](C)C=C2C=C[C@H](C)[C@H](CC[C@@H]3C[C@H](CC(=O)O3)O)[C@@H]12","simvastatin"
"999","C[C@@H]1C=CC=CC=C(C)[C@H](C[C@@H]2CC[C@@H](C)[C@@](C(=O)C(=O)N3CCCC[C@H]3C(=O)O[C@@H](CC(=O)[C@H](C)C=C(C)[C@H]([C@H](C(=O)[C@H](C)C1)OC)O)[C@H](C)C[C@@H]1CC[C@H]([C@@H](C1)OC)O)(O)O2)OC","sirolimus"
"1000","C[C@@H]1C=CC=CC=C(C)[C@H](C[C@@H]2CC[C@@H](C)[C@@](C(=O)C(=O)N3CCCC[C@H]3C(=O)O[C@@H](CC(=O)[C@H](C)C=C(C)[C@H]([C@H](C(=O)[C@H](C)C1)OC)O)[C@H](C)C[C@@H]1CC[C@H]([C@@H](C1)OC)O)(O)O2)OC","sirolimus"
"1001","CC1(COC(C(C1NC)O)OC1C(CC(C(C1O)OC1C(CC=C(CN)O1)N)N)N)O.CC1(COC(C(C1NC)O)OC1C(CC(C(C1O)OC1C(CC=C(CN)O1)N)N)N)O.OS(=O)(=O)O.OS(=O)(=O)O.OS(=O)(=O)O.OS(=O)(=O)O.OS(=O)(=O)O","sisomicin"
"1002","CC[C@H](CC[C@@H](C)[C@H]1CC[C@H]2[C@@H]3CC=C4C[C@H](CC[C@]4(C)[C@H]3CC[C@]12C)O)C(C)C","sitosterol"
"1003","COc1ccc2c(c1OC)nc1c(cco1)c2OC","skimmianine"
"1004","c1ccc(cc1)CCCC(=O)[O-].[Na+]","sodium phenylbutyrate"
"1005","C[C@H]1CC[C@@H]2[C@@H](C)[C@H]3[C@H](C[C@H]4[C@@H]5CC=C6C[C@H](CC[C@]6(C)[C@H]5CC[C@]34C)O[C@]3(C[C@H]([C@H](C(CO)O3)O)O[C@H]3C([C@@H]([C@@H](C(CO)O3)O)O)O)O[C@@H]3C([C@H]([C@H](C(C)O3)O)O)O)N2C1","solanine"
"1006","C[C@@H]1CC[C@@]2([C@@H](C)[C@H]3[C@H](C[C@H]4[C@@H]5CC=C6C[C@H](CC[C@]6(C)[C@H]5CC[C@]34C)O)O2)NC1","solasodine"
"1007","CC(C)NCC(c1ccc(cc1)NS(=O)(=O)C)O.Cl","sotalol"
"1008","CC(=N[C@@H](CC(=O)O)C(=N[C@@H](CCC(=O)O)C(=O)O)O)O","spaglumic acid"
"1009","C1CCN2C[C@@H]3C[C@@H](CN4CCCC[C@H]34)[C@@H]2C1","sparteine"
"1010","C[C@@H]1CC(=O)[C@]2([C@@H](O1)O[C@@H]1[C@H]([C@@H]([C@@H]([C@@H]([C@H]1O2)NC)O)NC)O)O.Cl.Cl","spectinomycin"
"1011","c1ccc(cc1)N1CN=C(C21CCN(CCCC(=O)c1ccc(cc1)F)CC2)O","spiperone"
"1012","CN([C@H]1CC[C@@]2(CCCO2)C[C@@H]1N1CCCC1)C(=O)Cc1ccc(c(c1)Cl)Cl.CS(=O)(=O)O","spiradoline"
"1013","C[C@@H]1C[C@H](CC=O)[C@@H]([C@H]([C@@H](CC(=O)O[C@H](C)CC=CC=C[C@@H]1O[C@H]1CC[C@@H]([C@H](C)O1)N(C)C)O)OC)O[C@@H]1[C@H]([C@@H]([C@H]([C@H](C)O1)O[C@@H]1C[C@@](C)([C@@H]([C@@H](C)O1)O)O)N(C)C)O","spiramycin"
"1014","CC(=O)S[C@@H]1CC2=CC(=O)CC[C@]2(C)[C@H]2CC[C@@]3(C)[C@@H](CC[C@]43CCC(=O)O4)[C@H]12","spironolactone"
"1015","c1ccc2c(c1)ccc1c2CCC(=O)O1","splitomicin"
"1016","COc1ccc(cc1)c1ccc(=N)n(CCCC(=O)O)n1.Br","SR-95531"
"1017","c1ccc2c(c1)CCCc1cc(=NCCN3CCOCC3)[nH]nc21.Cl.Cl","SR-95639A"
"1018","C[N+]1(C)CCC[C@H]1C(=O)[O-].Cl","stachydrine"
"1019","C[C@]12[C@@H]([C@@H](C[C@H](n3c4ccccc4c4c5c(CN=C5O)c5c6ccccc6n1c5c34)O2)NC)OC","staurosporine"
"1020","C[C@H]1[C@](C=O)([C@H]([C@@H](O1)O[C@@H]1[C@H]([C@@H]([C@H]([C@@H]([C@H]1O)O)NC(=N)N)O)NC(=N)N)O[C@H]1[C@H]([C@@H]([C@H]([C@H](CO)O1)O)O)NC)O","streptomycin"
"1021","CN(C(=N[C@@H]1[C@H]([C@@H]([C@@H](CO)O[C@@H]1O)O)O)O)N=O","streptozocin"
"1022","C[C@@]12CC[C@H]3[C@@H](CC[C@@]4(C[C@H](CC[C@]34C=O)O)O)[C@]2(CC[C@@H]1C1=CC(=O)OC1)O","strophanthidin"
"1023","c1cc(ccc1NC(=O)CCC(=O)O)S(=O)(=O)Nc1nccs1","succinylsulfathiazole"
"1024","c1cc(ccc1CSC(Cn1ccnc1)c1ccc(cc1Cl)Cl)Cl.N(=O)(=O)O","sulconazole"
"1025","c1ccc(cc1)C(=NS(=O)(=O)c1ccc(cc1)N)O","sulfabenzamide"
"1026","CC(=NS(=O)(=O)c1ccc(cc1)N)[O-].[Na+].O","sulfacetamide"
"1027","c1cc(ccc1N)S(=O)(=O)Nc1ccc(Cl)nn1","sulfachlorpyridazine"
"1028","c1cnc(nc1)NS(=O)(=O)c1ccc(cc1)N","sulfadiazine"
"1029","COc1cc(nc(n1)OC)NS(=O)(=O)c1ccc(cc1)N","sulfadimethoxine"
"1030","Cc1cc(C)nc(n1)[N-]S(=O)(=O)c1ccc(cc1)N.[Na+]","sulfadimidine"
"1031","COc1c(ncnc1OC)NS(=O)(=O)c1ccc(cc1)N","sulfadoxine"
"1032","Cc1c(C)noc1NS(=O)(=O)c1ccc(cc1)N","sulfafurazole"
"1033","c1cc(ccc1N)S(=O)(=O)NC(=N)N","sulfaguanidine"
"1034","Cc1ccnc(n1)NS(=O)(=O)c1ccc(cc1)N","sulfamerazine"
"1035","Cc1nnc(NS(=O)(=O)c2ccc(cc2)N)s1","sulfamethizole"
"1036","Cc1cc(no1)NS(=O)(=O)c1ccc(cc1)N","sulfamethoxazole"
"1037","COc1ccc(nn1)NS(=O)(=O)c1ccc(cc1)N","sulfamethoxypyridazine"
"1038","COc1cnc(nc1)NS(=O)(=O)c1ccc(cc1)N","sulfametoxydiazine"
"1039","COc1cc(ncn1)NS(=O)(=O)c1ccc(cc1)N","sulfamonomethoxine"
"1040","c1cc(ccc1N)S(=O)(=O)N","sulfanilamide"
"1041","c1ccc(cc1)n1c(ccn1)NS(=O)(=O)c1ccc(cc1)N","sulfaphenazole"
"1042","c1ccnc(c1)NS(=O)(=O)c1ccc(cc1)N","sulfapyridine"
"1043","c1ccc2c(c1)ncc(n2)[N-]S(=O)(=O)c1ccc(cc1)N.[Na+]","sulfaquinoxaline"
"1044","c1ccnc(c1)NS(=O)(=O)c1ccc(cc1)N=Nc1ccc(c(c1)C(=O)O)O","sulfasalazine"
"1045","c1cc(ccc1N)S(=O)(=O)Nc1nccs1","sulfathiazole"
"1046","c1ccc(cc1)N1C(=O)C(CCS(=O)c2ccccc2)C(=O)N1c1ccccc1","sulfinpyrazone"
"1047","CC1=C(CC(=O)O)c2cc(ccc2/C/1=C\c1ccc(cc1)S(=O)C)F","sulindac"
"1048","CC1=C(CC(=O)O)c2cc(ccc2/C/1=C\c1ccc(cc1)SC)F","sulindac sulfide"
"1049","COc1cc(ccc1c1nc2cccnc2[nH]1)S(=O)C","sulmazole"
"1050","CCCCCCCCNC(C)C(c1ccc(cc1)SC(C)C)O","suloctidil"
"1051","CCN1CCCC1CN=C(c1cc(ccc1OC)S(=O)(=O)N)O","sulpiride"
"1052","CC(c1ccc(cc1)C(=O)c1cccs1)C(=O)O","suprofen"
"1053","Cc1ccc(cc1N=C(c1cccc(c1)N=C(Nc1cccc(c1)C(=Nc1cc(ccc1C)C(=Nc1ccc(c2cc(cc(c12)S(=O)(=O)O)S(=O)(=O)O)S(=O)(=O)O)[O-])[O-])[O-])[O-])C(=Nc1ccc(c2cc(cc(c12)S(=O)(=O)O)S(=O)(=O)[O-])S(=O)(=O)O)[O-].[Na+].[Na+].[Na+].[Na+].[Na+].[Na+]","suramin sodium"
"1054","CCCCC1(COC(=O)CCC(=O)O)C(=O)N(c2ccccc2)N(c2ccccc2)C1=O","suxibuzone"
"1055","CCOC(=O)Oc1c(cc(cc1OC)C(=O)O[C@@H]1C[C@@H]2CN3CCc4c5ccc(cc5[nH]c4[C@H]3C[C@@H]2[C@@H]([C@H]1OC)C(=O)OC)OC)OC","syrosingopine"
"1056","c1ccc2c(c1)c(=N)c1CCCCc1[nH]2.Cl.O","tacrine"
"1057","C=CC[C@@H]1C=C(C)C[C@H](C)C[C@@H]([C@@H]2[C@H](C[C@@H](C)[C@@](C(=O)C(=O)N3CCCC[C@H]3C(=O)O[C@H](/C(=C/[C@@H]3CC[C@H]([C@@H](C3)OC)O)/C)[C@H](C)[C@H](CC1=O)O)(O)O2)OC)OC","tacrolimus"
"1058","CC1(C)[C@H](C(=O)OC2c3ccccc3C(=O)O2)N2C(=O)[C@H]([C@H]2S1)N=C([C@@H](c1ccccc1)N)O.Cl","talampicillin"
"1059","CC/C(=C(\c1ccccc1)/c1ccc(cc1)OCCN(C)C)/c1ccccc1.C(C(=O)O)C(CC(=O)O)(C(=O)O)O","tamoxifen"
"1060","CC/C(=C(\c1ccccc1)/c1ccc(cc1)OCCN(C)C)/c1ccccc1.C(C(=O)O)C(CC(=O)O)(C(=O)O)O","tamoxifen"
"1061","C=CCNC1=C2C[C@@H](C)C[C@H]([C@H]([C@H](C)C=C(C)[C@H]([C@@H](C=CC=C(C)C(=NC(=CC1=O)C2=O)O)OC)OC(=N)O)O)OC","tanespimycin"
"1062","Cc1c2c(cs1)C(=Nc1ccccc1N2C(=O)CN1CCN(C)CC1)O.Cl.Cl","telenzepine"
"1063","CN1C(=C(c2c(ccs2)S1(=O)=O)O)C(=Nc1ccccn1)O","tenoxicam"
"1064","COc1cc2c(cc1OC)nc([nH]c2=N)N1CCN(CC1)C(=O)C1CCCO1.Cl","terazosin"
"1065","CC(C)(C)NCC(c1cc(cc(c1)O)O)O.CC(C)(C)NCC(c1cc(cc(c1)O)O)O.OS(=O)(=O)O","terbutaline"
"1066","CC(C)N1CCN(CC1)c1ccc(cc1)OC[C@H]1CO[C@](Cn2cncn2)(c2ccc(cc2Cl)Cl)O1","terconazole"
"1067","CC(C)(C)c1ccc(cc1)C(CCCN1CCC(CC1)C(c1ccccc1)(c1ccccc1)O)O","terfenadine"
"1068","CCC(=O)O[C@H]1CC[C@H]2[C@@H]3CCC4=CC(=O)CC[C@]4(C)[C@H]3CC[C@]12C","testosterone"
"1069","C[C@]1(c2cccc(c2C(=C2[C@@H]1C[C@H]1[C@@H](C(=O)C(=C([C@]1(C2=O)O)O)C(=N)O)N(C)C)O)O)O.Cl","tetracycline"
"1070","C(CNCCNCCNCCN)N.Cl.Cl.Cl.Cl.Cl","tetraethylenepentamine"
"1071","c1ccc(cc1)C1CN2CCSC2=N1.Cl","tetramisole"
"1072","CN1CCc2cc(c3cc2[C@@H]1Cc1ccc(cc1)Oc1cc(ccc1OC)C[C@H]1c2c(CCN1C)cc(c(c2O3)OC)OC)OC","tetrandrine"
"1073","C1(=C(C(=O)C(=C(C1=O)O)O)O)O.O","tetroquinone"
"1074","c1ccc2c(c1)CCCC2C1=NCCN1.Cl","tetryzoline"
"1075","c1ccc2c(c1)C(=O)N(C1CCC(=NC1=O)O)C2=O","thalidomide"
"1076","CCCCCCCC(=O)O[C@H]1[C@H]2C(=C(C)[C@@H]1OC(=O)/C(=C\C)/C)[C@H]1[C@]([C@H](C[C@]2(C)OC(=O)C)OC(=O)CCC)([C@@](C)(C(=O)O1)O)O","thapsigargin"
"1077","Cn1cnc2c1c(nc(=O)n2C)O","theobromine"
"1078","Cn1c2c(c(=O)n(C)c1=O)nc[nH]2.O","theophylline"
"1079","Cn1ccnc1S","thiamazole"
"1080","Cc1c(CCO)sc[n+]1Cc1cnc(C)[nH]c1=N.[Cl-].Cl","thiamine"
"1081","CS(=O)(=O)c1ccc(cc1)[C@H]([C@@H](CO)N=C(C(Cl)Cl)O)O","thiamphenicol"
"1082","CCSc1ccc2c(c1)N(CCCN1CCN(C)CC1)c1ccccc1S2.C(C(C(=O)O)O)C(=O)O.C(C(C(=O)O)O)C(=O)O","thiethylperazine"
"1083","CC(=N[C@H]1CCc2cc(c(c(c2c2ccc(c(=O)cc12)SC)OC)OC)O[C@H]1[C@@H]([C@H]([C@@H]([C@@H](CO)O1)O)O)O)O","thiocolchicoside"
"1084","C([C@@H]1[C@H]([C@H]([C@H](n2cnc3c2[nH]c(=N)nc3S)O1)O)O)O","thioguanosine"
"1085","C1CCC(CC1)N=C(N1CCC(CC1)c1cnc[nH]1)S","thioperamide"
"1086","CN(C)S(=O)(=O)c1ccc2c(c1)N(CCCN1CCN(C)CC1)c1ccccc1S2.CS(=O)(=O)O.CS(=O)(=O)O","thioproperazine"
"1087","CN1CCCCC1CCN1c2ccccc2Sc2ccc(cc12)SC.Cl","thioridazine"
"1088","CCC(C)C1C(=NC(C)C(=NC(=C)C(=NC(C)C(=NC23CCC(=NC2c2csc(C(C(C)OC(=O)c4cc(C(C)O)c5C=CC(C(c5n4)O)N1)N=C(c1csc(C(C(C)(C(C)O)O)N=C(C4CSC(=N4)/C(=C\C)/N=C(C(C(C)O)N=C(c4csc3n4)O)O)O)n1)O)n2)c1nc(cs1)C(=NC(=C)C(=NC(=C)C(=N)O)O)O)O)O)O)O","thiostrepton"
"1089","c1ccc2c(c1)nc(c1cscn1)[nH]2","tiabendazole"
"1090","CCN(CC)CCN=C(c1cc(ccc1OC)S(=O)(=O)C)O.Cl","tiapride"
"1091","CC(c1ccc(C(=O)c2ccccc2)s1)C(=O)O","tiaprofenic acid"
"1092","c1ccc(c(c1)CN1CCc2c(ccs2)C1)Cl.Cl","ticlopidine"
"1093","CCNC1(CCCCC1=O)c1cccs1.Cl","tiletamine"
"1094","CC(C)(C)NC[C@@H](COc1c(nsn1)N1CCOCC1)O.C(=C\C(=O)O)\C(=O)O","timolol"
"1095","CCS(=O)(=O)CCn1c(C)ncc1N(=O)=O","tinidazole"
"1096","c1nc2c([nH]1)[nH]c(=N)nc2S","tioguanine"
"1097","c1cc(c(cc1Oc1c(cc(cc1I)CC(=O)O)I)I)O","tiratricol"
"1098","C1[C@@H]([C@H]([C@@H]([C@H]([C@@H]1N)O[C@@H]1[C@@H]([C@H]([C@@H]([C@@H](CO)O1)O)N)O)O)O[C@@H]1[C@@H](C[C@@H]([C@@H](CN)O1)O)N)N","tobramycin"
"1099","Cc1cccc(C)c1N=C(C(C)N)O.Cl","tocainide"
"1100","CCOC(=NNc1c2ccccc2cnn1)O.Cl","todralazine"
"1101","Cc1ccc(cc1)S(=O)(=O)NC(=NN1CCCCCC1)O","tolazamide"
"1102","c1ccc(cc1)CC1=NCCN1.Cl","tolazoline"
"1103","CCCCN=C(NS(=O)(=O)c1ccc(C)cc1)O","tolbutamide"
"1104","CCCCN=C(NS(=O)(=O)c1ccc(C)cc1)O","tolbutamide"
"1105","Cc1c(cccc1Nc1ccccc1C(=O)O)Cl","tolfenamic acid"
"1106","Cc1ccc(cc1)C(=O)c1ccc(CC(=O)[O-])n1C.[Na+].O.O","tolmetin"
"1107","Cc1cccc(c1)N(C)C(=S)Oc1ccc2ccccc2c1","tolnaftate"
"1108","C[C@H]1CC[C@]2([C@@H](C)[C@H]3[C@H](C[C@H]4[C@@H]5CC[C@H]6C[C@H](CC[C@]6(C)[C@H]5CC[C@]34C)O)O2)NC1","tomatidine"
"1109","CCCc1c(ccc(C(=O)C)c1O)OCCCCc1n[nH]nn1","tomelukast"
"1110","CCCCCCCCCCCCCCCC[N+](C)(C)CCN(Cc1ccc(cc1)OC)c1ncccn1.[Br-]","tonzonium bromide"
"1111","CC1(C)O[C@@H]2CO[C@]3(COS(=O)(=O)N)[C@H]([C@@H]2O1)OC(C)(C)O3","topiramate"
"1112","CC(C)N=C(NS(=O)(=O)c1c[nH]ccc1=Nc1cccc(C)c1)O","torasemide"
"1113","CCCCNc1c2cnn(CC)c2nc(C)c1C(=O)OCC.Cl","tracazolate"
"1114","C1CC(CCC1CN)C(=O)O","tranexamic acid"
"1115","c1ccc(cc1)[C@@H]1C[C@H]1N.Cl","tranylcypromine"
"1116","CCN(CC)c1cc(C)nc2ncnn12","trapidil"
"1117","c1ccn2c(c1)nn(CCCN1CCN(CC1)c1cccc(c1)Cl)c2=O.Cl","trazodone"
"1118","C1CCN(C1)CC#CCN1CCCC1.Cl.Cl","tremorine"
"1119","C/C(=C\C=C\C(=C\C(=O)O)\C)/C=C/C1=C(C)CCCC1(C)C","tretinoin"
"1120","C[C@]12C=CC(=O)C=C1CC[C@H]1[C@@H]3C[C@H]([C@](C(=O)CO)([C@@]3(C)C[C@@H]([C@]21F)O)O)O","triamcinolone"
"1121","c1ccc(cc1)c1c(=N)nc2c(c(N)[nH]c(=N)[nH]2)n1","triamterene"
"1122","CCOC1[C@@H]([C@H]([C@@H]([C@@H](COCc2ccccc2)OCc2ccccc2)O1)OCc1ccccc1)O","tribenoside"
"1123","c1c(c(cc2c1NC(C(Cl)Cl)NS2(=O)=O)S(=O)(=O)N)Cl","trichlormethiazide"
"1124","C/C(=C\[C@@H](C)C(=O)c1ccc(cc1)N(C)C)/C=C/C(=NO)O","trichostatin A"
"1125","C/C(=C\C(C)C(=O)c1ccc(cc1)N(C)C)/C=C/C(=NO)O","trichostatin A"
"1126","CC[N+](CC)(CC)CCC(c1ccccc1)(C1CCCCC1)O.[Cl-]","tridihexethyl"
"1127","CN1CCN(CCCN2c3ccccc3Sc3ccc(cc23)C(F)(F)F)CC1.Cl.Cl","trifluoperazine"
"1128","CN(C)CCCN1c2ccccc2Sc2ccc(cc12)C(F)(F)F.Cl","triflupromazine"
"1129","C1[C@@H]([C@@H](CO)O[C@H]1n1cc(c(nc1=O)O)C(F)(F)F)O","trifluridine"
"1130","CC(=O)Oc1cc(ccc1C(=O)O)C(F)(F)F","triflusal"
"1131","c1ccc(cc1)C(CCN1CCCCC1)(C1CCCCC1)O.Cl","trihexyphenidyl"
"1132","COc1ccc(CN2CCNCC2)c(c1OC)OC.Cl.Cl","trimetazidine"
"1133","CC1(C)C(=O)N(C)C(=O)O1","trimethadione"
"1134","CN(C)CCOc1ccc(cc1)CN=C(c1cc(c(c(c1)OC)OC)OC)O.Cl","trimethobenzamide"
"1135","COc1cc(Cc2c[nH]c(=N)[nH]c2=N)cc(c1OC)OC","trimethoprim"
"1136","COc1cc2CC[C@@H](c3cc(=O)c(ccc3c2c(c1OC)OC)O)N","trimethylcolchicinic acid"
"1137","CC(CN(C)C)CN1c2ccccc2CCc2ccccc12","trimipramine"
"1138","Cc1cc(=O)oc2c(C)c3c(cc(C)o3)cc12","trioxysalen"
"1139","Cc1ccc(cc1)/C(=C\CN1CCCC1)/c1ccccn1.Cl","triprolidine"
"1140","Cc1c(C)c2c(CCC(C)(COc3ccc(cc3)CC3C(=NC(=O)S3)O)O2)c(C)c1O","troglitazone"
"1141","C[C@H]1C[C@@]2(CO2)C(=O)[C@H](C)[C@H]([C@@H](C)[C@@H](C)OC(=O)[C@H](C)[C@H]([C@H](C)[C@H]1O[C@H]1[C@@H]([C@H](C[C@@H](C)O1)N(C)C)OC(=O)C)O[C@H]1C[C@@H]([C@H]([C@H](C)O1)OC(=O)C)OC)OC(=O)C","troleandomycin"
"1142","Cc1c(C)c2c(CCC(C)(C(=O)O)O2)c(C)c1O","Trolox C"
"1143","CCN(Cc1ccncc1)C(=O)C(CO)c1ccccc1","tropicamide"
"1144","CN1C2CCC1CC(C2)O","tropine"
"1145","C/C(=C\c1ccc(cc1)C(=O)O)/c1ccc2c(c1)C(C)(C)CCC2(C)C","TTNPB"
"1146","COc1cc2c(cc1OC)ncnc2Nc1cccc(c1)Cl","tyrphostin AG-1478"
"1147","COc1cc(/C=C(\C#N)/C(=N)O)cc(CSc2nc3ccccc3s2)c1O","tyrphostin AG-825"
"1148","[C-]#[N+]/C(=C(/N)\Sc1ccccc1)/C(=C(\N)/Sc1ccccc1)/C#N","U0125"
"1149","Cn1c(cc(=O)n(C)c1=O)NCCCN1CCN(CC1)c1ccccc1OC.Cl","urapidil"
"1150","C[C@H](CCC(=O)O)[C@H]1CC[C@H]2[C@H]3[C@H](CC[C@]12C)[C@@]1(C)CC[C@H](C[C@H]1C[C@@H]3O)O","ursodeoxycholic acid"
"1151","C[C@@H]1CC[C@@]2(CC[C@]3(C)C(=CC[C@@H]4[C@@]5(C)CC[C@@H](C(C)(C)[C@@H]5CC[C@@]34C)O)[C@@H]2[C@H]1C)C(=O)O","ursolic acid"
"1152","Cc1c(c2ccc(cc2)S(=O)(=O)N)c(c2ccccc2)no1","valdecoxib"
"1153","CC(C)C1C(=O)OC(C)C(=NC(C(C)C)C(=O)OC(C(C)C)C(=NC(C(C)C)C(=O)OC(C)C(=NC(C(C)C)C(=O)OC(C(C)C)C(=NC(C(C)C)C(=O)OC(C)C(=NC(C(C)C)C(=O)OC(C(C)C)C(=N1)O)O)O)O)O)O","valinomycin"
"1154","CCCC(CCC)C(=O)O","valproic acid"
"1155","CC(C)C[C@H](C(=N[C@@H]1[C@@H](c2ccc(c(c2)Cl)Oc2cc3cc(c2O[C@H]2[C@H](C([C@@H](C(CO)O2)O)O)O[C@H]2C[C@](C)([C@H](C(C)O2)O)N)Oc2ccc(cc2Cl)[C@H]([C@H]2C(=N[C@@H](c4cc(cc(c4c4cc(ccc4O)[C@H](C(=N2)O)N=C([C@@H]3N=C([C@H](CC(=N)O)N=C1O)O)O)O)O)C(=O)O)O)O)O)O)NC.Cl","vancomycin"
"1156","c1ccc(cc1)CCCN1CCN(CC1)CCOC(c1ccc(cc1)F)c1ccc(cc1)F.Cl.Cl","vanoxerine"
"1157","CC(C)C(CCCN(C)CCc1ccc(c(c1)OC)OC)(C#N)c1ccc(c(c1)OC)OC.Cl","verapamil"
"1158","C([C@@H]1[C@H]([C@@H]([C@H](n2cnc3c(N)ncnc23)O1)O)O)O","vidarabine"
"1159","C=CC(CCC(=O)O)N","vigabatrin"
"1160","CC[C@@]1(C[C@H]2C[C@](c3cc4c(cc3OC)N(C)[C@@H]3[C@@]54CCN4CC=C[C@](CC)([C@@H]54)[C@H]([C@@]3(C(=O)OC)O)OC(=O)C)(c3c(CCN(C2)C1)c1ccccc1[nH]3)C(=O)OC)O.OS(=O)(=O)O","vinblastine"
"1161","CC[C@]12CCCN3CCc4c5ccccc5n(C(=O)C1)c4[C@H]23","vinburnine"
"1162","CC[C@]12CCCN3CCc4c5ccccc5n(c4[C@H]23)[C@](C1)(C(=O)OC)O","vincamine"
"1163","CC[C@]12CCCN3CCc4c5ccccc5n(C(=C1)C(=O)OCC)c4[C@H]23","vinpocetine"
"1164","C(CC(CC(=NC1CN=C(C(C2CC(NC(=N)N2)O)N=C(/C(=C/NC(=N)O)/N=C(C(CO)N=C(C(CO)N=C1O)O)O)O)O)O)N)CN.OS(=O)(=O)O","viomycin"
"1165","c1cc(ccc1c1cc(=O)c2c(cc(c(c2o1)[C@H]1[C@@H]([C@H]([C@@H]([C@@H](CO)O1)O)O)O)O)O)O","vitexin"
"1166","C(CCCC(=NO)O)CCC(=Nc1ccccc1)O","vorinostat"
"1167","C(CCNS(=O)(=O)c1ccc2c(cccc2Cl)c1)CN.Cl","W-13"
"1168","CC1=C(CO)C(=O)O[C@H](C1)[C@@H](C)[C@H]1CC[C@H]2[C@@H]3C[C@@H]4[C@@]5([C@H](C=CC(=O)[C@]5(C)[C@H]3CC[C@]12C)O)O4","withaferin A"
"1169","CC(=O)O[C@@H]1C[C@@]2(C)[C@@H](CCC2=O)C2=C1[C@@]1(C)[C@@H](COC)OC(=O)c3coc(c13)C2=O","wortmannin"
"1170","CC(=O)O[C@@H]1C[C@@]2(C)C(CCC2=O)C2=C1[C@@]1(C)[C@@H](COC)OC(=O)c3coc(c13)C2=O","wortmannin"
"1171","Cc1cccc(C)c1NC1=NCCCS1","xylazine"
"1172","Cc1cc(cc(C)c1CC1=NCCN1)C(C)(C)C.Cl","xylometazoline"
"1173","C[C@H](C1CCC(CC1)C(=O)N=c1cc[nH]cc1)N","Y-27632"
"1174","c1ccc2c(c1)c1CCN3C[C@@H]4CC[C@@H]([C@@H]([C@H]4C[C@H]3c1[nH]2)C(=O)O)O.O","yohimbic acid"
"1175","COC(=O)[C@@H]1[C@H]2C[C@H]3c4c(CCN3C[C@@H]2CC[C@@H]1O)c1ccccc1[nH]4.Cl","yohimbine"
"1176","C1C[C@H](n2ccc(=N)nc2O)O[C@@H]1CO","zalcitabine"
"1177","CCCOc1ccccc1c1nc2c(c(n1)O)nn[nH]2","zaprinast"
"1178","COc1cc(ccc1OC(F)F)c1ccc(nn1)O","zardaverine"
"1179","Cc1cn(C2CC(C(CO)O2)N=[N+]=[NH-])c(=O)nc1O","zidovudine"
"1180","CN(C)C/C=C(/c1ccc(cc1)Br)\c1cccnc1.Cl.Cl.O","zimeldine"
"1181","Cc1cc(CC(=O)[O-])n(C)c1C(=O)c1ccc(cc1)Cl.[Na+]","zomepirac"
"1182","c1cc2c(cc1Cl)[nH]c(=N)o2","zoxazolamine"
"1183","c1ccc2c(c1)/C(=C/CCN1CCN(CC1)CCO)/c1cc(ccc1S2)Cl","zuclopenthixol"
"1184","CN1CCc2cc3c(cc2[C@H]1[C@H]1c2ccc4c(c2C(=O)O1)OCO4)OCO3","bicuculline"
"1185","CC[C@@]1(c2cc3c4c(cc5ccccc5n4)Cn3c(=O)c2COC1=O)O","camptothecin"
"1186","CC1(C)[C@H](C(=O)O)N2C(=O)[C@H]([C@H]2S1)N=C(C1(CCCCC1)N)O","ciclacillin"
"1187","CC(=O)OCC(=O)[C@]1(CC[C@H]2[C@@H]3CCC4=CC(=O)CC[C@]4(C)[C@]3([C@H](C[C@]12C)O)F)O","fludrocortisone"
"1188","C(CCN)C[C@@H](C(=O)O)N=C([C@H](Cc1cnc[nH]1)N=C(CN)O)O.CC(=O)O","Gly-His-Lys"
"1189","CN1CCc2cc(c(c3c2[C@@H]1Cc1ccc(c(c31)O)OC)OC)OC","isocorydine"
"1190","CN1CCc2cc(c3cc2[C@H]1Cc1ccc(cc1)Oc1c2c(CC[N+](C)(C)[C@H]2Cc2ccc(c(c2)O3)O)cc(c1[O-])OC)OC.Cl.Cl","tubocurarine chloride"
"1191","c1ccc2c(c1)c(=N)c1c(CCCC1O)[nH]2.C(=C\C(=O)O)\C(=O)O","velnacrine"
"1192","c1cc(c(cc1[C@@H]1[C@H](Cc2c(cc(cc2O1)O)O)O)O)O.O","(+/-)-catechin"
"1193","Cc1ccc2c(c1)C(=O)C1(CCN(c3ccccc3)C1=N2)O","blebbistatin"
"1194","CC(C)Cc1ccc(cc1)[C@H](C)C(=O)O","dexibuprofen"
"1195","C1CC(CNC1)C(=O)O","nipecotic acid"
"1196","c1cc(ccc1C(CN)O)O.Cl","octopamine"
"1197","CNCC(c1ccc(cc1)O)O","oxedrine"
"1198","CC(C)NCC(COc1ccc(cc1)CC(=N)O)O","(-)-atenolol"
"1199","c1ccc2c(c1)C(=O)N(C1CCC(=NC1=O)O)C2=O","thalidomide"
"1200","CC(C)C(CCCN(C)CCc1ccc(c(c1)OC)OC)(C#N)c1ccc(c(c1)OC)OC.Cl","dexverapamil"
"1201","CN1Cc2c(ccc3c2OCO3)[C@H]2[C@H](Cc3cc4c(cc3[C@@H]12)OCO4)O","(+)-chelidonine"
"1202","C(C(C(=O)O)O)(C(=O)[O-])O","(+)-isoprenaline"
"1203","CCCCC(C)(C)C(C=CC1C(CC(=O)C1CC=CCCCC(=O)O)O)O","16,16-dimethylprostaglandin E2"
"1204","C(C=O)C(C(C(CO)O)O)O","2-deoxy-D-glucose"
"1205","c1cc(C(=O)CC(C(=O)O)N)c(c(c1)O)N","3-hydroxy-DL-kynurenine"
"1206","c1cc(C(=O)CC(C(=O)O)N)c(c(c1)O)N","3-hydroxy-DL-kynurenine"
"1207","Cc1c(nc(nn1)O)O","6-azathymine"
"1208","CC[C@H](C)[C@@H]1[C@@H](C)C=C[C@]2(C[C@@H]3C[C@@H](CC=C(C)[C@H]([C@@H](C)C=CC=C4CO[C@@H]5[C@@H](C(=C[C@@H](C(=O)O3)[C@]45O)C)O)O[C@H]3C[C@@H]([C@H]([C@H](C)O3)O[C@H]3C[C@@H]([C@H]([C@H](C)O3)O)OC)OC)O2)O1","abamectin"
"1209","CC(=O)Oc1ccccc1C(=O)O","acetylsalicylic acid"
"1210","COC(=O)C1C(CCC2C1CC3C4=C(CCN3C2)C5=CC=CC=C5N4)O.Cl","alpha-yohimbine"
"1211","CC1(OC2C(C(OC2O1)C(CO)O)OCCCN(C)C)C.Cl","amiprilose"
"1212","CC(C)CC(=O)O[C@@H]1[C@H]([C@@H]([C@@H](CO)O[C@H]1O[C@@H]1C[C@H]([C@H]2CC[C@@]34C[C@@H](CC[C@H]3[C@]2(C)C1)C(=C)[C@@H]4O)C(=O)[O-])OS(=O)(=O)[O-])OS(=O)(=O)O.[K+].[K+]","atractyloside"
"1213","CN1(=O)[C@H]2CC[C@@H]1CC(C2)OC(=O)C(CO)c1ccccc1.Cl","atropine oxide"
"1214","Cn1cnc(c1Sc1c2c([nH]cn2)ncn1)N(=O)=O","azathioprine"
"1215","CC[C@H](C)[C@@H](C1=N[C@@H](CS1)C(=N[C@@H](CC(C)C)C(=N[C@H](CCC(=O)O)C(=N[C@@H]([C@@H](C)CC)C(=N[C@H]1CCCCN=C([C@H](CC(=N)O)N=C([C@@H](CC(=O)O)N=C([C@H](Cc2cnc[nH]2)N=C([C@@H](Cc2ccccc2)N=C([C@H]([C@@H](C)CC)N=C([C@@H](CCCN)N=C1O)O)O)O)O)O)O)O)O)O)O)N","bacitracin"
"1216","CC1(C)[C@H](C(=O)O)N2C(=O)[C@H]([C@H]2S1)N=C(Cc1ccccc1)O","benzathine benzylpenicillin"
"1217","CCCC(=Nc1c2c(ncn1)n(cn2)[C@H]1[C@@H]([C@H]2[C@@H](COP(=O)(O)O2)O1)OC(=O)CCC)O","bucladesine"
"1218","CN1CCC23C4NC5=CC=CC=C5C2(C1NC6=CC=CC=C36)CCN4C","calycanthine"
"1219","C(CON=C(N)N)C(C(=O)O)N.O.OS(=O)(=O)O","canavanine"
"1220","CC1(C2CCC3(C(C2(CCC1OC(=O)CCC(=O)[O-])C)C(=O)C=C4C3(CCC5(C4CC(CC5)(C)C(=O)[O-])C)C)C)C.[Na+].[Na+]","carbenoxolone"
"1221","CC(=O)OCC1=C(C(=O)O)N2C(=O)[C@H]([C@H]2SC1)N=C(CSc1ccncc1)[O-].[Na+]","cefapirin"
"1222","Cc1nnc(SCC2=C(C(=O)O)N3C(=O)[C@H]([C@H]3SC2)N=C(Cn2cnnn2)[O-])s1.[Na+]","cefazolin"
"1223","C=CC1=C(N2C(C(C2=O)NC(=O)C(=NOCC(=O)O)C3=CSC(=N3)N)SC1)C(=O)O","cefixime"
"1224","CC(C)(C(=O)O)ON=C(C1=CSC(=N1)N)C(=O)NC2C3N(C2=O)C(=C(CS3)C[N+]4=CC=CC=C4)C(=O)[O-].O.O.O.O.O","ceftazidime"
"1225","COC1=C(C=CC(=C1)C2=CC(=C(C=C2)N=NC3=C(C4=C(C=C3)C(=CC(=C4N)S(=O)(=O)[O-])S(=O)(=O)[O-])O)OC)N=NC5=C(C6=C(C=C5)C(=CC(=C6N)S(=O)(=O)[O-])S(=O)(=O)[O-])O.[Na+].[Na+].[Na+].[Na+]","Chicago Sky Blue 6B"
"1226","c1ccc(cc1)C(c1ccc(cc1)Cl)OCCN1CCCCC1","cloperastine"
"1227","CCC(C)(C)C1C(=O)N2CCCC2C2(N1C(=O)C(C(C)C)(N=C(C1CC3c4cccc5c4c(CC3N(C)C1)c[nH]5)O)O2)O","co-dergocrine mesilate"
"1228","[Cl-].[Cl-].[Co+2].O.O.O.O.O.O","cobalt chloride"
"1229","C=C[C@@]1(C)CC(=O)[C@@]2([C@@]3(C)[C@H](CCC(C)(C)[C@@H]3[C@@H]([C@@H]([C@@]2(C)O1)OC(=O)C)O)O)O","colforsin"
"1230","CC1=CC2=C(C=C1C)N(C=N2)C3C(C(C(O3)CO)OP(=O)([O-])OC(C)CNC(=O)CCC4(C(C5C6(C(C(C(=C(C7=NC(=CC8=NC(=C(C4=N5)C)C(C8(C)C)CCC(=O)N)C(C7(C)CC(=O)N)CCC(=O)N)C)[N-]6)CCC(=O)N)(C)CC(=O)N)C)CC(=O)N)C)O.[C-]#N.[Co+3]","cyanocobalamin"
"1231","C1[C@@H]([C@@H](CO)O[C@H]1n1cnc(=N)nc1O)O","decitabine"
"1232","CC(C)C(CCCN(C)CCc1ccc(c(c1)OC)OC)(C#N)c1ccc(c(c1)OC)OC.Cl","dexverapamil"
"1233","C[C@]12c3ccccc3C[C@H](c3ccccc13)N2","dizocilpine"
"1234","CC/C=C\C/C=C\C/C=C\C/C=C\C/C=C\C/C=C\CCC(=O)O","docosahexaenoic acid ethyl ester"
"1235","CCN1C[C@]2(C)CC[C@@H]([C@@]34[C@@H]2[C@@H]([C@@]2(C13)[C@]1(C[C@@H]([C@H]3C[C@@]4([C@@H]1[C@H]3OC)O)OC)OCO2)OC(=O)C)OC","eldeline"
"1236","C[C@]12CC[C@@H]3c4ccc(cc4CC[C@H]3[C@@H]1CC[C@@H]2O)O","estradiol"
"1237","CCC(CO)NCCNC(CC)CO.Cl","ethambutol"
"1238","Cc1c(c(c2c(cccc2F)Cl)no1)C(=N[C@@H]1C(=O)N2[C@@H](C(=O)O)C(C)(C)S[C@H]12)O","flucloxacillin"
"1239","CC=C1C[N+]2(CCC34C2CC1C(=C3NC5=CC=CC=C45)C=O)C.[Cl-]","fluorocurarine"
"1240","C1COCCN1CC2CN(C(=O)O2)N=CC3=CC=C(O3)[N+](=O)[O-].Cl","furaltadone"
"1241","CC(=CCC/C(=C/1\[C@@H]2C[C@H]([C@H]3[C@@]4(C)CC[C@H]([C@@H](C)[C@@H]4CC[C@]3(C)[C@@]2(C)C[C@@H]1OC(=O)C)O)O)/C(=O)[O-])C.[Na+]","fusidic acid"
"1242","C1=CC(=CC=C1C2=COC3=CC(=CC(=C3C2=O)O)O)O","genistein"
"1243","CC1C(=O)OC2C1(C34C(=O)OC5C3(C2)C6(C(C5)C(C)(C)C)C(C(=O)OC6O4)O)O","ginkgolide A"
"1244","CC1=NCCC2=C1NC3=C2C=CC(=C3)O.O.O.Cl","harmalol"
"1245","CCC1C(CC2C1C=CC3C2CC4C3CC=CC(=O)NCCCC5C(=O)C(=C(C=C4)O)C(=O)N5)C","ikarugamycin"
"1246","Cc1c(CC(=O)O)c2cc(ccc2n1C(=O)c1ccc(cc1)Cl)OC","indometacin"
"1247","CC(=CCCC(C)NC)C","isometheptene"
"1248","CC1CC=CC=CC(C(CC(C(C(C(CC(=O)O1)OC(=O)C)OC)OC2C(C(C(C(O2)C)OC3CC(C(C(O3)C)OC(=O)CC(C)C)(C)O)N(C)C)O)CC=O)C)O","josamycin"
"1249","C(C1C(C(C(C(O1)OC(C(CO)O)C(C(C(=O)O)O)O)O)O)O)O","lactobionic acid"
"1250","CCC(=O)OC(CC1=CC=CC=C1)(C2=CC=CC=C2)C(C)CN(C)C.C1=CC=C2C=C(C=CC2=C1)S(=O)(=O)O.O","levopropoxyphene"
"1251","CCN(CC)CC(=Nc1c(C)cccc1C)O.Cl","lidocaine"
"1252","C1=CC=C2C(=C1)C(=O)OC23C4=CC(=C(C=C4OC5=C(C(=C(C=C35)Br)[O-])[Hg])[O-])Br.O.[Na+].[Na+]","merbromin"
"1253","CCNC1CC(C(C(C1OC2C(C(C(CO2)(C)O)NC)O)O)OC3C(CC=C(O3)CN)N)N.CCNC1CC(C(C(C1OC2C(C(C(CO2)(C)O)NC)O)O)OC3C(CC=C(O3)CN)N)N.OS(=O)(=O)O.OS(=O)(=O)O.OS(=O)(=O)O.OS(=O)(=O)O.OS(=O)(=O)O","netilmicin"
"1254","CC(=CCc1cc(ccc1[O-])C(=O)Nc1c(c2ccc(c(C)c2oc1=O)O[C@H]1[C@@H]([C@@H]([C@H](C(C)(C)O1)OC)OC(=N)O)O)O)C.[Na+]","novobiocin"
"1255","CN1CCCN=C1C=CC2=CC(=CC=C2)O.C1=CC=C2C(=C1)C=C(C(=C2CC3=C(C(=CC4=CC=CC=C43)C(=O)O)O)O)C(=O)O","oxantel"
"1256","CC1=C2C(C(=O)C3(C(CC4C(C3C(C(C2(C)C)(CC1OC(=O)C(C(C5=CC=CC=C5)NC(=O)C6=CC=CC=C6)O)O)OC(=O)C7=CC=CC=C7)(CO4)OC(=O)C)O)C)OC(=O)C","paclitaxel"
"1257","c1ccc2c(c1)c1ccccc1nc2O","phenanthridinone"
"1258","CCN1CCN(C(=O)C1=O)C(=N[C@H](c1ccccc1)C(=N[C@@H]1C(=O)N2[C@@H](C(=O)O)C(C)(C)S[C@H]12)O)O","piperacillin"
"1259","CC12CCN(C)C2N(C)c2ccc(cc12)O.C(=C\C(=O)O)/C(=O)O","Prestwick-1082"
"1260","CC1=C2C(=O)C=C(C)[C@@H]2[C@@H]2[C@@H](CC1)[C@H](C)C(=O)O2","Prestwick-1084"
"1261","CCN1CC2(CCC(C34C2C(C5(C31)C6(CC(C7CC4C6C7OC)OC)OCO5)O)OC)COC","Prestwick-664"
"1262","CC[N+]1(C2CCC1CC(C2)OC(=O)C3CCC(C4=CC=CC=C34)(C5=CC=CC=C5)C(=O)OC6CC7CCC(C6)[N+]7(C)CC)C.[Cl-].[Cl-]","Prestwick-682"
"1263","CC(=O)OC1C2C(C3C4C56C1C3(CC7C5C(CC(C6OC(=O)C)OC(=O)C8=CC=CC=C8)(CN74)C)CC2=C)O","Prestwick-692"
"1264","CC1C=CC=C(C(=O)N=C2C(=C3C(=C4C2=NC5(N4)CCN(CC5)CC(C)C)C6=C(C(=C3O)C)OC(C6=O)(OC=CC(C(C(C(C(C(C1O)C)O)C)OC(=O)C)C)OC)C)O)C","rifabutin"
"1265","CC1C=CC=C(C(=O)NC2=C(C3=C(C4=C(C(=C3O)C)OC(C4=O)(OC=CC(C(C(C(C(C(C1O)C)O)C)OC(=O)C)C)OC)C)C(=C2C=NN5CCN(CC5)C)O)O)C","rifampicin"
"1266","CC1(C2CC3C(C(=O)C(=C(C3(C(=O)C2=C(C4=C1C=CC=C4O)O)O)O)C(=O)NCN5CCCC5)N(C)C)O","rolitetracycline"
"1267","CN(CCOC1=CC=C(C=C1)CC2C(=O)NC(=O)S2)C3=CC=CC=N3.C(=CC(=O)O)C(=O)O","rosiglitazone"
"1268","C1=CC(=CC=C1C2=NC(=C(N2)C3=CC=NC=C3)C4=CC=C(C=C4)F)O","SB-202190"
"1269","CS(=O)C1=CC=C(C=C1)C2=NC(=C(N2)C3=CC=NC=C3)C4=CC=C(C=C4)F","SB-203580"
"1270","CCN(CC)C(=N[C@H]1C[C@@H]2c3cccc4c3c(C[C@H]2N(C)C1)c[nH]4)O","terguride"
"1271","CCCCNc1ccc(cc1)C(=O)OCCN(C)C.Cl","tetracaine"
"1272","CC1C2CN3CCC4=C(C3CC2C(=CO1)C(=O)OC)NC5=CC=CC=C45","tetrahydroalstonine"
"1273","CC(C)(C)CC(C)(C)C1=CC=C(C=C1)O.C=O.C1CO1","tyloxapol"
"1274","C=Cc1c(C)c2=CC3=NC(=Cc4c(C)c(CCC(=O)OC)c(C=C5C(=C(C)C(=N5)C=c1[nH]2)CCC(=O)O)[nH]4)[C@@]1(C)C3=CC=C([C@H]1C(=O)OC)C(=O)OC","verteporfin"
"1275","c1cc(ccc1O)OCC(CNCCN=C(N1CCOCC1)O)O.c1cc(ccc1O)OCC(CNCCN=C(N1CCOCC1)O)O.C(=C\C(=O)O)/C(=O)O","xamoterol"
