,0
0,CC(C)NC[C@H](O)COc1ccc(CC(=N)O)cc1
1,Oc1cc(O)c2c(c1)O[C@H](c1ccc(O)c(O)c1)[C@@H](O)C2
2,CC(C)NC[C@H](O)c1ccc(O)c(O)c1
3,C[C@@]12N[C@@H](Cc3ccccc31)c1ccccc12.O=C(O)/C=C\C(=O)O
4,O=C1C=CC(=O)c2c1ccc1c2ccc2ccccc21
5,Oc1cccc2c(O)nccc12
6,COc1ccc2[nH]c3c(c2c1)CCN=C3C
7,CCCCC(C)(C)[C@H](O)/C=C/[C@H]1CCC(=O)[C@@H]1C/C=C\CCCC(=O)O
8,CCCCCC1OC1C/C=C\CCCCCCCC(=O)O
9,CCCCC/C=C/C=C1/C(=O)C=C[C@@H]1C/C=C\CCCC(=O)O
10,CCCCC[C@](C)(O)/C=C/[C@H]1[C@H](O)CC(=O)[C@@H]1C/C=C\CCCC(=O)O
11,O=C(O)CCC/C=C\C[C@H]1C(=O)C[C@@H](O)[C@@H]1/C=C/[C@@H](O)Cc1ccccc1
12,Nc1ccccc1S(N)(=O)=O
13,C[C@H]1CCC[C@@H](C)N1.Cl
14,CC(O)=Nc1cc2ccccc2oc1=O
15,CC(=O)c1cc2ccccc2oc1=O
16,N=C(O)c1cccc(N)c1
17,O=C(O)CC[N+](=O)[O-]
18,Cc1c(O)c(=O)n(-c2ccccc2)n1C
19,O=C1N=C(O)c2cc(Nc3ccccc3)c(Nc3ccccc3)cc21
20,c1ccc(CNc2nc[nH]c3ncnc2-3)cc1
21,O=Nc1c(-c2c(O)[nH]c3cc(Br)ccc23)[nH]c2ccccc12
22,CC(=O)OCC1=C(C(=O)O)N2C(=O)[C@@H](N)[C@H]2SC1
23,N=c1nc(O)c2nn[nH]c2[nH]1
24,COc1ccc(-c2cc(=O)c3c(O)cc(O)cc3o2)cc1
25,CCCC(O)=Nc1ccc(OCC(O)CNC(C)C)c(C(C)=O)c1.Cl
26,O=C(O)COC(=O)Cc1ccccc1Nc1c(Cl)cccc1Cl
27,COc1ccc2c(c1)c(CC(=O)OCC(=O)O)c(C)n2C(=O)c1ccc(Cl)cc1
28,CC(=O)CC(c1ccc([N+](=O)[O-])cc1)c1c(O)c2ccccc2oc1=O
29,CC(=O)c1ccc2c(c1)N(CCCN(C)C)c1ccccc1S2.O=C(O)/C=C\C(=O)O
30,CC(O)=Nc1nnc(S(N)(=O)=O)s1
31,CC(=O)c1ccc(S(=O)(=O)NC(O)=NC2CCCCC2)cc1
32,CC(=O)Oc1ccccc1C(=O)Oc1ccccc1C(=O)O
33,N=c1nc(O)c2ncn(COCCO)c2[nH]1
34,CCN1C[C@@]2(COC)[C@H]3[C@@H](OC)[C@H]4C1[C@]3([C@@H](OC)C[C@H]2O)[C@@H]1C[C@]2(O)[C@@H](OC)[C@H](O)[C@@]4(OC(C)=O)[C@H]1[C@H]2OC(=O)c1ccccc1
35,Nc1ncnc2c1ncn2[C@@H]1O[C@H](COP(=O)(O)O)[C@@H](O)[C@H]1O.O
36,CCN(CC)CCOC(=O)C(c1ccccc1)c1ccccc1.Cl
37,O=C(O)c1c(I)cc(I)c(N=C(O)CCCCC(O)=Nc2c(I)cc(I)c(C(=O)O)c2I)c1I
38,C[C@]12CC(=O)[C@H]3[C@@H](CCC4=CC(=O)CC[C@@]43C)[C@@H]1CCC2=O
39,CC(C)Oc1ccc2c(=O)c3cc(C(=O)O)ccc3oc2c1
40,CC[C@H]1[C@@H]2C[C@H]3[C@@H]4N(C)c5ccccc5[C@]45C[C@@H]([C@H]2[C@H]5O)N3[C@@H]1O
41,CCCSc1ccc2nc(N=C(O)OC)[nH]c2c1
42,CCC(=O)OCC(=O)[C@@]1(OC(=O)CC)[C@H](C)C[C@H]2[C@H]3[C@H]([C@@H](O)C[C@@]21C)[C@@]1(C)C=CC(=O)C=C1C[C@H]3Cl
43,C=CC[N@@+]12CC[C@@]34c5ccccc5N5C=C6[C@H]7C[C@H]8[C@@]9(CC[N@@+]8(CC=C)C/C7=C/CO)c7ccccc7N(C=C([C@@H](C[C@@H]31)/C(=C\CO)C2)[C@H]54)[C@@H]69.[Cl-].[Cl-]
44,CCCCC(CC)CNC(=N)NC(=N)NCCCCCCNC(=N)NC(=N)NCC(CC)CCCC.Cl.Cl
45,CC(=O)OCC(=O)[C@H]1CC[C@H]2[C@@H]3CC[C@H]4C[C@H](O)CC[C@]4(C)[C@H]3C(=O)C[C@]12C
46,CC(=O)[C@H]1CC[C@H]2[C@@H]3CC[C@H]4C[C@H](O)CC[C@]4(C)[C@H]3C(=O)C[C@]12C
47,COc1cc2nc(N(C)CCCN=C(O)C3CCCO3)[nH]c(=N)c2cc1OC.Cl
48,CC(CN(C)C)CN1c2ccccc2Sc2ccccc21.CC(CN(C)C)CN1c2ccccc2Sc2ccccc21.O=C(O)[C@@H](O)[C@H](O)C(=O)O
49,N=C(O)NC1N=C(O)N=C1O
50,CC(C)C[C@H]1C(=O)N2CCC[C@H]2[C@]2(O)O[C@](N=C(O)[C@@H]3C=C4c5cccc6[nH]cc(c56)C[C@H]4N(C)C3)(C(C)C)C(=O)N12
51,C[C@]12CC[C@@H]3c4ccc(O)cc4CC[C@H]3[C@@H]1CC[C@H]2O
52,C=CCc1ccccc1OCC(O)CNC(C)C.Cl
53,CCCCC[C@H](O)/C=C/[C@H]1[C@H](O)CC(=O)[C@@H]1CCCCCCC(=O)O
54,CCCCC[C@H](O)/C=C/[C@H]1[C@H](O)CC(=O)[C@@H]1CCCCCCC(=O)O
55,O=[N+]([O-])c1ccc2[nH]c3c(c2c1)CC(O)=Nc1ccccc1-3
56,C=CCSCC1Nc2cc(Cl)c(S(N)(=O)=O)cc2S(=O)(=O)N1
57,CN(C)c1nc(N(C)C)nc(N(C)C)n1
58,CCN(CCCc1ccccc1)CCCc1ccccc1.O=C(O)CC(O)(CC(=O)O)C(=O)O
59,NC12CC3CC(CC(C3)C1)C2.NC12CC3CC(CC(C3)C1)C2.O=C(O)/C=C/C(=O)O
60,Cl.Nc1c(Br)cc(Br)cc1CNC1CCC(O)CC1
61,NCC[C@H](O)C(O)=N[C@@H]1C[C@H](N)[C@@H](O[C@H]2O[C@H](CN)[C@@H](O)[C@H](O)[C@H]2O)[C@H](O)[C@H]1O[C@H]1O[C@H](CO)[C@@H](O)[C@H](N)[C@H]1O.O
62,Cl.N=C(N)N=C(O)c1nc(Cl)c(N)nc1N.O.O
63,NCCCCCC(=O)O
64,CCC1(c2ccc(N)cc2)CCC(O)=NC1=O
65,Nc1ccc(C(=O)NCC(=O)O)cc1
66,Cc1c(N(C)C)c(=O)n(-c2ccccc2)n1C
67,Cn1c(=O)c2nc[nH]c2n(C)c1=O.Cn1c(=O)c2nc[nH]c2n(C)c1=O.NCCN
68,CCCCc1oc2ccccc2c1C(=O)c1cc(I)c(OCCN(CC)CC)c(I)c1.Cl
69,CN(C)CCC=C1c2ccccc2CCc2ccccc21.Cl
70,CN(C)CCC=C1c2ccccc2CCc2ccccc21.Cl
71,CCN(CC)Cc1cc(Nc2ccnc3cc(Cl)ccc23)ccc1O.Cl.Cl.O.O
72,Clc1ccc2c(c1)C(N1CCNCC1)=Nc1ccccc1O2
73,CC1(C)S[C@@H]2[C@H](N=C(O)[C@H](N)c3ccc(O)cc3)C(=O)N2[C@H]1C(=O)O
74,C[C@@H]1OC(=O)C[C@H](O)C[C@H](O)CC[C@@H](O)[C@H](O)C[C@H](O)C[C@]2(O)C[C@H](O)[C@@H](C(=O)O)[C@H](C[C@@H](O[C@@H]3O[C@H](C)[C@@H](O)[C@H](N)[C@@H]3O)C=CC=CC=CC=CC=CC=CC=C[C@H](C)[C@@H](O)[C@H]1C)O2
75,CC1(C)S[C@@H]2[C@H](N=C(O)[C@H](N)c3ccccc3)C(=O)N2[C@H]1C(=O)O.O.O.O
76,CCCc1ncc(C[n+]2ccccc2C)c(=N)[nH]1.Cl.[Cl-]
77,Cc1c(N)c(=O)n(-c2ccccc2)n1C
78,Nc1cc(-c2ccncc2)cnc1O
79,CCC(C)(CN(C)C)OC(=O)c1ccccc1.Cl
80,c1cncc(C2CCCCN2)c1
81,C[C@]12CC[C@H]3[C@@H](CC[C@H]4C[C@H](O)CC[C@@]43C)[C@@H]1CCC2=O
82,COc1ccc(C[C@H]2NC[C@H](O)[C@H]2OC(C)=O)cc1
83,Cl.c1ccc(CN(CC2=NCCN2)c2ccccc2)cc1
84,CCCCCC[C@H]1C(=O)O[C@H](C)[C@H](N=C(O)c2cccc(N=CO)c2O)C(=O)O[C@@H](C)[C@@H]1OC(=O)CC(C)C
85,O=c1cc(-c2ccc(O)cc2)oc2cc(O)cc(O)c12
86,CN1CCc2cccc3c2[C@H]1Cc1ccc(O)c(O)c1-3
87,CN[C@@H]1[C@@H](O[C@H]2O[C@H](CO)[C@@H](N)[C@H](O)[C@H]2O)O[C@H]2C[C@@H](N)[C@@H](O[C@@H]3[C@@H](N)C[C@@H](N)[C@H](O)[C@H]3O)O[C@@H]2[C@@H]1O
88,COc1ccc(CN=C(O)Nc2ncc([N+](=O)[O-])s2)cc1
89,CCCCC/C=C\C/C=C\C/C=C\C/C=C\CCCC(=O)[O-].[Na+]
90,CCCCC/C=C\C/C=C\C/C=C\C/C=C\CCCC(=O)C(F)(F)F
91,N=C(N)NCCCCNC(=N)N.O=S(=O)(O)O
92,Br.COC(=O)C1=CCCN(C)C1
93,C[C@@H]1CC[C@H]2[C@@H](C)C(=O)O[C@@H]3O[C@@]4(C)CC[C@@H]1[C@]32OO4
94,CCCNC(C)C(O)=Nc1c(C)csc1C(=O)OC.Cl
95,O=C1O[C@H]([C@@H](O)CO)C(O)=C1O
96,C[C@H]1[C@H](C)CC[C@]2(C(=O)O[C@@H]3O[C@H](CO[C@@H]4O[C@H](CO)[C@@H](O[C@@H]5O[C@H](C)[C@H](O)[C@@H](O)[C@H]5O)[C@H](O)[C@H]4O)[C@@H](O)[C@H](O)[C@H]3O)CC[C@]3(C)C(=CC[C@@H]4[C@@]5(C)C[C@@H](O)[C@H](O)[C@@](C)(CO)[C@@H]5CC[C@]43C)[C@@H]12
97,COc1ccc(CCN2CCC(N=c3[nH]c4ccccc4n3Cc3ccc(F)cc3)CC2)cc1
98,O=C1C(=O)c2ccccc2C(O)=C1C1CCC(c2ccc(Cl)cc2)CC1
99,COc1ccc(CC2c3cc(OC)c(OC)cc3CC[N+]2(C)CCC(=O)OCCCCCOC(=O)CC[N+]2(C)CCc3cc(OC)c(OC)cc3C2Cc2ccc(OC)c(OC)c2)cc1OC.O=S(=O)([O-])c1ccccc1.O=S(=O)([O-])c1ccccc1
100,CN1C2CCC1CC(OC(=O)C(CO)c1ccccc1)C2
101,C[N+]1(C)C2CCC1CC(OC(=O)C(CO)c1ccccc1)C2.O=[N+]([O-])[O-]
102,N=c1ncn(C2O[C@H](CO)[C@H](O)[C@@H]2O)c(O)n1
103,OC(c1ccccc1)(c1ccccc1)C1CCNCC1
104,O=C(CCCN1CCN(c2ccccn2)CC1)c1ccc(F)cc1
105,CCCC1C(=O)N2C(N(C)C)=Nc3ccc(C)cc3N2C1=O
106,Cn1cnc([N+](=O)[O-])c1Sc1ncnc2[nH]cnc12
107,CC1(C)S[C@@H]2[C@H](N=C(O)[C@H](N=C(O)N3CCN=C3O)c3ccccc3)C(=O)N2[C@H]1C(=O)O
108,C[C@H]1[C@H](N=C(O)/C(=N\OC(C)(C)C(=O)O)c2csc(=N)[nH]2)C(=O)N1S(=O)(=O)O
109,CCOC(=O)OC(C)OC(=O)[C@@H]1N2C(=O)[C@@H](N=C(O)[C@H](N)c3ccccc3)[C@H]2SC1(C)C.Cl
110,NCC(CC(=O)O)c1ccc(Cl)cc1
111,CN(C)C(=O)Oc1cc(OC(=O)N(C)C)cc(C(O)CNC(C)(C)C)c1.Cl
112,c1ccc2[nH]c(CCn3c4ccccc4c4ccccc43)nc2c1
113,CCC(=O)OCC(=O)[C@@]1(OC(=O)CC)[C@@H](C)C[C@H]2[C@@H]3CCC4=CC(=O)C=C[C@]4(C)[C@@]3(Cl)[C@@H](O)C[C@@]21C
114,CCC1(C)CC(=O)N=C(O)C1
115,NS(=O)(=O)c1cc2c(cc1C(F)(F)F)NC(Cc1ccccc1)NS2(=O)=O
116,CC(Cc1cccc(C(F)(F)F)c1)NCCOC(=O)c1ccccc1.Cl
117,C/C(=C(\CCOP(=O)(O)O)SC(=O)c1ccccc1)N(C=O)Cc1cnc(C)[nH]c1=N
118,O=C(CCCN1CCC(n2c(O)nc3ccccc32)CC1)c1ccc(F)cc1
119,Cl.NC(CO)C(O)=NNCc1ccc(O)c(O)c1O
120,Cl.NC(CO)C(O)=NNCc1ccc(O)c(O)c1O
121,Cl.N=C(N=C(O)c1nc(Cl)c(N)nc1N)NCc1ccccc1
122,CCc1oc2ccccc2c1C(=O)c1cc(Br)c(O)c(Br)c1
123,CC(C)(C)CC(C)(C)c1ccc(OCCOCC[N+](C)(C)Cc2ccccc2)cc1.[Cl-]
124,CCOC(=O)c1ccc(N)cc1
125,CCCCNc1ccc(C(=O)OCCOCCOCCOCCOCCOCCOCCOCCOCCOC)cc1
126,NS(=O)(=O)c1cc2c(cc1Cl)N=C(CSCc1ccccc1)NS2(=O)=O
127,CN(C)CCCOc1nn(Cc2ccccc2)c2ccccc12.Cl
128,CC1(C)S[C@@H]2[C@H](N=C([O-])Cc3ccccc3)C(=O)N2[C@H]1C(=O)O.[Na+]
129,C[N+](C)(CCOc1ccccc1)Cc1ccccc1.O=C(O)c1cc2ccccc2cc1[O-]
130,CC(C)COCC(CN(Cc1ccccc1)c1ccccc1)N1CCCC1.Cl
131,COc1ccc2cc3[n+](cc2c1OC)CCc1cc2c(cc1-3)OCO2.[Cl-]
132,COc1c(O)cc2c(c1O)[C@@H]1O[C@H](CO)[C@@H](O)[C@H](O)[C@H]1OC2=O.O
133,C/C=C(\C)C(=O)OC1[C@H](OC(C)=O)C2(CO)C(CC1(C)C)C1=CCC3C4(C)CCC(O[C@@H]5O[C@H](C(=O)O)[C@@H](O[C@@H]6O[C@H](CO)[C@@H](O)[C@H](O)[C@H]6O)[C@H](O)[C@H]5O[C@H]5O[C@H](CO)[C@@H](O)[C@H](O)[C@H]5O)[C@](C)(CO)C4CCC3(C)[C@]1(C)C[C@H]2O
134,CNCCc1ccccn1.CS(=O)(=O)O.CS(=O)(=O)O
135,C[C@H]1C[C@H]2[C@@H]3CCC4=CC(=O)C=C[C@]4(C)[C@@]3(F)[C@@H](O)C[C@]2(C)[C@@]1(O)C(=O)CO
136,CC(C)NCC(O)COc1ccc(CCOCC2CC2)cc1.Cl
137,Cl.NCCc1cc[nH]n1
138,CC(C[N+](C)(C)C)OC(=N)[O-].Cl
139,C[N+]1(C)C[C@H](O)C[C@H]1C(=O)[O-]
140,C=C(C)[C@@H]1CC[C@]2(CO)CC[C@]3(C)[C@H](CC[C@@H]4[C@@]5(C)CC[C@H](O)C(C)(C)[C@@H]5CC[C@]43C)[C@@H]12
141,C=C(C)[C@@H]1CC[C@]2(C(=O)[O-])CC[C@]3(C)[C@H](CC[C@@H]4[C@@]5(C)CC[C@H](O)C(C)(C)[C@@H]5CC[C@]43C)[C@@H]12
142,CC(C)(Oc1ccc(CCNC(=O)c2ccc(Cl)cc2)cc1)C(=O)O
143,O=C(O)CCCC[C@@H]1SC[C@@H]2N=C(O)N[C@H]12
144,OC(CCN1CCCCC1)(c1ccccc1)C1CC2C=CC1C2
145,CC(=O)Oc1ccc(C(c2ccc(OC(C)=O)cc2)c2ccccn2)cc1
146,CC(C)NCC(O)COc1ccc(COCCOC(C)C)cc1
147,COc1cc2c(cc1O)C[C@H]1c3c(cc(O)c(OC)c3-2)CCN1C
148,CC[N+](C)(C)Cc1ccccc1Br.Cc1ccc(S(=O)(=O)[O-])cc1
149,CCN[C@H]1CN(CCCOC)S(=O)(=O)c2sc(S(N)(=O)=O)cc21
150,CC(C)C[C@H]1C(=O)N2CCC[C@H]2[C@]2(O)O[C@](N=C(O)[C@@H]3C=C4c5cccc6[nH]c(Br)c(c56)C[C@H]4N(C)C3)(C(C)C)C(=O)N12.CS(=O)(=O)O
151,CCN(CC)CCN=C(O)c1cc(Br)c(N)cc1OC
152,O=C(CCCN1CCC(O)(c2ccc(Br)cc2)CC1)c1ccc(F)cc1
153,CN(C)CCC(c1ccc(Br)cc1)c1ccccn1.O=C(O)/C=C\C(=O)O
154,CCCC1O[C@@H]2C[C@H]3[C@@H]4CCC5=CC(=O)C=C[C@]5(C)[C@H]4[C@@H](O)C[C@]3(C)[C@]2(C(=O)CO)O1
155,CCCCOc1ccc(CC(O)=NO)cc1
156,COc1cc(OC)c(C(=O)CCCN2CCCC2)c(OC)c1.Cl
157,CCCCNc1cc(C(=O)O)cc(S(N)(=O)=O)c1Oc1ccccc1
158,CCCCN1CCCCC1C(O)=Nc1c(C)cccc1C.Cl
159,CC(NC(C)(C)C)C(=O)c1cccc(Cl)c1.Cl
160,Cl.O=C1CC2(CCCC2)CC(=O)N1CCCCN1CCN(c2ncccn2)CC1
161,CCCCN(CCCC)CCCOC(=O)c1ccc(N)cc1
162,CCCCOC(=O)c1ccc(N)cc1
163,O=C(/C=C/c1ccc(O)c(O)c1)c1ccc(O)cc1O
164,NCCC(O)C(O)=NC1CC(N)C(OC2OC(CN)C(O)[C@H](O)[C@@H]2N)[C@H](OC2O[C@H](CO)[C@@H](O)[C@@H]2O)[C@@H]1O.O=S(=O)(O)O.O=S(=O)(O)O
165,NCCC(O)C(O)=NC1CC(N)C(OC2OC(CN)C(O)C(O)C2N)C(OC2OC(CO)C(O)C2O)C1O
166,Clc1ccc(CCC(Cn2ccnc2)Sc2c(Cl)cccc2Cl)cc1.O=[N+]([O-])O
167,CCCCOC(=O)c1ccc(O)cc1
168,CC(/C=C/c1cccc(Oc2ccc(F)cc2)c1)N(O)C(=N)O
169,C=C1C(=O)OC(CCCCCCCC)C1C(=O)O
170,O=C(O)/C=C/c1ccc(O)c(O)c1
171,N=c1nc([O-])c2c([nH]1)NCC(CNc1ccc(C(=O)N[C@@H](CCC(=O)[O-])C(=O)O)cc1)N2C=O.[Ca+2]
172,CC(C)(CO)[C@@H](O)C(O)=NCCC(=O)O.CC(C)(CO)[C@@H](O)C([O-])=NCCC(=O)[O-].O.[Ca+2]
173,Clc1ccc(C(c2ccc(Cl)cc2)n2cc[n+](CC(OCc3ccc(Cl)cc3Cl)c3ccc(Cl)cc3Cl)c2)cc1.[Cl-]
174,COc1ccc2c(c1OC)CN1CCc3cc4c(cc3C1C2)OCO4
175,C[C@]12CC[C@H]3[C@@H](C=CC4=CC(=O)CC[C@@]43C)[C@@H]1CC[C@@]2(O)CCC(=O)[O-].[K+]
176,C[C@]12C(=O)OC(=O)[C@@]1(C)[C@@H]1CC[C@H]2O1
177,COc1cc(CN=C(O)CCCC/C=C/C(C)C)ccc1O
178,C[C@H](CS)C(=O)N1CCC[C@H]1C(=O)O
179,C[N+](C)(C)CCOC(=N)[O-].Cl
180,N=C(O)N1c2ccccc2C=Cc2ccccc21
181,N=C(O)N1c2ccccc2C=Cc2ccccc21
182,N=C(O)Nc1ccc([As](=O)(O)O)cc1
183,CCOC(=O)n1ccn(C)c1=S
184,CN(C)CCOC(c1ccc(Cl)cc1)c1ccccn1.O=C(O)/C=C\C(=O)O
185,NCCC(O)=NCCc1cnc[nH]1
186,CCCC(C)(COC(=N)O)COC(O)=NC(C)C
187,O=NN(CCCl)C(O)=NCCCl
188,CC(C)(C)NCC(O)COc1cccc2c1CCC(O)=N2.Cl
189,CCOC(=O)c1ccc(N=Nc2ccc(O)c(CC(=O)O)c2)cc1
190,N[C@@H](C(O)=N[C@@H]1C(=O)N2C(C(=O)O)=C(Cl)CS[C@H]12)c1ccccc1
191,CC1=C(C(=O)O)N2C(=O)[C@@H](N=C(O)[C@H](N)c3ccc(O)cc3)[C@H]2SC1
192,CC1=C(C(=O)O)N2C(=O)[C@@H](N=C(O)[C@H](N)c3ccccc3)[C@H]2SC1
193,N=C(O)c1cc[n+](CC2=C(C(=O)[O-])N3C(=O)[C@@H](N=C(O)Cc4cccs4)[C@H]3SC2)cc1
194,CC(=O)OCC1=C(C(=O)O)N2C(=O)[C@@H](N=C([O-])Cc3cccs3)[C@H]2SC1.[Na+]
195,Cn1nnnc1SCC1=C(C(=O)O)N2C(=O)[C@@H](N=C([O-])[C@H](O)c3ccccc3)[C@H]2SC1.[Na+]
196,CO/N=C(\C(O)=N[C@@H]1C(=O)N2C(C(=O)[O-])=C(C[N+]3(C)CCCC3)CS[C@H]12)c1csc(=N)[nH]1.Cl.Cl.O
197,CO[C@@]1(N=C([O-])CSCC#N)C(=O)N2C(C(=O)O)=C(CSc3nnnn3C)CS[C@@H]21.[Na+]
198,CCN1CCN(C(O)=N[C@@H](C(O)=N[C@@H]2C(=O)N3C(C(=O)O)=C(CSc4nnnn4C)CS[C@H]23)c2ccc(O)cc2)C(=O)C1=O.O.O
199,NCc1ccccc1CC(O)=N[C@@H]1C(=O)N2C(C(=O)O)=C(CSc3nnnn3CC(=O)O)CS[C@H]12
200,CO/N=C(\C([O-])=N[C@@H]1C(=O)N2C(C(=O)O)=C(COC(C)=O)CS[C@H]12)c1csc(=N)[nH]1.[Na+]
201,CO[C@@]1(N=C(O)C2SC(=C(C(N)=O)C(=O)O)S2)C(=O)N2C(C(=O)O)=C(CSc3nnnn3C)CS[C@@H]21
202,CN(C)CCn1nnnc1SCC1=C(C(=O)O)N2C(=O)[C@@H](N=C(O)Cc3csc(=N)[nH]3)[C@H]2SC1
203,CO[C@@]1(N=C([O-])Cc2cccs2)C(=O)N2C(C(=O)O)=C(COC(=N)O)CS[C@@H]21.[Na+]
204,N=C([O-])c1cc[n+](CC2=C(C(=O)O)N3C(=O)[C@@H](N=C(O)[C@@H](c4ccccc4)S(=O)(=O)[O-])[C@H]3SC2)cc1.[Na+]
205,CO/N=C(\C([O-])=N[C@@H]1C(=O)N2C(C(=O)O)=C(COC(=N)O)CS[C@H]12)c1ccco1.[Na+]
206,CC1=C(O)C(=O)C=C2C1=CC=C1[C@@]3(C)CC[C@@]4(C)CC[C@@](C)(C(=O)O)C[C@H]4[C@]3(C)CC[C@@]21C
207,Cc1ccc(-c2cc(C(F)(F)F)nn2-c2ccc(S(N)(=O)=O)cc2)cc1
208,CC[C@H]1CN2CCc3cc(OC)c(OC)cc3[C@@H]2C[C@@H]1C[C@H]1NCCc2cc(O)c(OC)cc21.Cl.Cl.O.O.O.O.O.O.O
209,Cl.Cl.O=C(O)COCCN1CCN(C(c2ccccc2)c2ccc(Cl)cc2)CC1
210,C[C@H](CCC(=O)O)[C@H]1CC[C@H]2[C@H]3[C@H](CC[C@@]21C)[C@@]1(C)CC[C@@H](O)C[C@H]1C[C@H]3O
211,O=C(O)CCCc1ccc(N(CCCl)CCCl)cc1
212,O=[N+]([O-])c1ccc([C@@H](O)[C@@H](CO)N=C(O)C(Cl)Cl)cc1
213,N=C(NCCCCCCNC(=N)NC(=N)Nc1ccc(Cl)cc1)NC(=N)Nc1ccc(Cl)cc1
214,CN1C(=O)CCS(=O)(=O)C1c1ccc(Cl)cc1
215,O=C(/C=C/c1ccc(O)c(O)c1)O[C@@H]1C[C@](O)(C(=O)O)C[C@@H](O)[C@H]1O
216,CN(C)CCN(Cc1ccc(Cl)cc1)c1ccccn1.Cl
217,Clc1cnccn1
218,CCN(CC)CCCC(C)Nc1ccnc2cc(Cl)ccc12.O=P(O)(O)O.O=P(O)(O)O
219,CN(C)CCC(c1ccc(Cl)cc1)c1ccccn1
220,N=C(O)OCC(O)COc1ccc(Cl)cc1
221,CN(C)CCCN1c2ccccc2Sc2ccc(Cl)cc21.Cl
222,CCCN=C(O)NS(=O)(=O)c1ccc(Cl)cc1
223,CCCN=C(O)NS(=O)(=O)c1ccc(Cl)cc1
224,Cl.[2H]C([2H])([2H])N(CC/C=C1/c2ccccc2Sc2ccc(Cl)cc21)C([2H])([2H])[2H]
225,NS(=O)(=O)c1cc(C2(O)N=C(O)c3ccccc32)ccc1Cl
226,CN(C)C1C(=O)C(C(=N)O)=C(O)[C@@]2(O)C(=O)C3=C(O)c4c(O)ccc(Cl)c4[C@@](C)(O)[C@H]3C[C@@H]12.Cl
227,Oc1nc2cc(Cl)ccc2o1
228,O=c1cc(-c2ccccc2)oc2cc(O)cc(O)c12
229,C[C@H]1C[C@H](C)C(=O)[C@H]([C@H](O)CC2CC(=O)N=C(O)C2)C1
230,Cc1cc(C2CCCCC2)n(O)c(=O)c1.NCCO
231,C/C=C/C[C@@H](C)[C@@H](O)[C@H]1C(O)=N[C@@H](CC)C(=O)N(C)CC(=O)N(C)[C@@H](CC(C)C)C(O)=N[C@@H](C(C)C)C(=O)N(C)[C@@H](CC(C)C)C(O)=N[C@@H](C)C(O)=N[C@H](C)C(=O)N(C)[C@@H](CC(C)C)C(=O)N(C)[C@@H](CC(C)C)C(=O)N(C)[C@@H](C(C)C)C(=O)N1C
232,C/C=C/C[C@@H](C)[C@@H](O)[C@H]1C(O)=N[C@H](CC)C(=O)N(C)CC(=O)N(C)[C@@H](CC(C)C)C(O)=N[C@@H](C(C)C)C(=O)N(C)[C@H](CC(C)C)C(O)=N[C@@H](C)C(O)=N[C@@H](C)C(=O)N(C)[C@@H](CC(C)C)C(=O)N(C)[C@@H](CC(C)C)C(=O)N(C)[C@H](C(C)C)C(=O)N1C
233,CN=C(NC#N)NCCSCc1[nH]cnc1C
234,CCCCOc1cc(C(O)=NCCN(CC)CC)c2ccccc2n1
235,C=C[C@H]1CN2CC[C@H]1C[C@H]2[C@H](O)c1ccnc2ccccc12
236,C=C[C@H]1CN2CC[C@H]1C[C@@H]2[C@@H](O)c1ccnc2ccccc12
237,C(=C/c1ccccc1)\CN1CCN(C(c2ccccc2)c2ccccc2)CC1
238,CCn1nc(C(=O)O)c(=O)c2cc3c(cc21)OCO3
239,CC(C)(Oc1ccc(C2CC2(Cl)Cl)cc1)C(=O)O
240,Cl.O=C(O)c1cn(C2CC2)c2cc(N3CCNCC3)c(F)cc2c1=O
241,COc1cc(N)c(Cl)cc1C(O)=NC1CCN(CCCOc2ccc(F)cc2)CC1OC
242,Br.CN(C)CCCC1(c2ccc(F)cc2)OCc2cc(C#N)ccc21
243,CC(O)=NC1CCSC1=O
244,COc1cc(N)c(Cl)cc1C(O)=NC1CCN(Cc2ccccc2)CC1.O=C(O)/C=C\C(=O)O
245,CN1CCC[C@@H]1CCO[C@](C)(c1ccccc1)c1ccc(Cl)cc1.O=C(O)/C=C/C(=O)O
246,Cl.Clc1ccc(Cn2c(CN3CCCC3)nc3ccccc32)cc1
247,CC(C)(C)NCC(O)c1cc(Cl)c(N)c(Cl)c1.Cl
248,C[N+]12CCC(CC1)C(OC(=O)C(O)(c1ccccc1)c1ccccc1)C2.[Br-]
249,CCC[C@@H]1C[C@@H](C(O)=N[C@H]([C@H](C)Cl)[C@H]2O[C@H](SC)[C@H](O)[C@@H](O)[C@H]2O)N(C)C1.Cl
250,Oc1c(I)cc(Cl)c2cccnc12
251,CCC(=O)O[C@]1(C(=O)CCl)[C@@H](C)C[C@H]2[C@@H]3CCC4=CC(=O)C=C[C@]4(C)[C@@]3(F)[C@@H](O)C[C@@]21C
252,CC(C)N=c1cc2n(-c3ccc(Cl)cc3)c3ccccc3nc-2cc1Nc1ccc(Cl)cc1
253,CCOC(=O)C(C)(C)Oc1ccc(Cl)cc1
254,CCCCCCC[N+](CC)(CC)CCCCc1ccc(Cl)cc1.Cc1ccc(S(=O)(=O)[O-])cc1
255,CCN(CC)CCOc1ccc(/C(=C(\Cl)c2ccccc2)c2ccccc2)cc1
256,CN(C)CCCN1c2ccccc2CCc2ccc(Cl)cc21.Cl
257,Cl.Clc1cccc(Cl)c1NC1=NCCN1
258,CC1CCCC(C)N1N=C(O)c1ccc(Cl)c(S(N)(=O)=O)c1
259,C#CCN(C)CCCOc1ccc(Cl)cc1Cl.Cl
260,Nc1cc(C(Cl)=C(Cl)Cl)c(S(N)(=O)=O)cc1S(N)(=O)=O
261,Clc1ccccc1C(c1ccccc1)(c1ccccc1)n1ccnc1
262,Cc1onc(-c2ccccc2Cl)c1C([O-])=N[C@@H]1C(=O)N2[C@@H](C(=O)O)C(C)(C)S[C@H]12.[Na+]
263,CN1CCN(C2=Nc3cc(Cl)ccc3Nc3ccccc32)CC1
264,COc1cc2c(c(OC)c1OC)-c1ccc(OC)c(=O)cc1[C@@H](N=C(C)O)CC2
265,COc1cc2c(c(OC)c1OC)-c1ccc(OC)c(=O)cc1[C@@H](N=C(C)O)CC2
266,C=C1CC[C@H](O)C/C1=C/C=C1\CCC[C@@]2(C)[C@H]1CC[C@@H]2[C@H](C)CCCC(C)C
267,C=C[C@@]1(C)CC(=O)[C@@]2(O)[C@](C)(O1)[C@@H](OC(C)=O)[C@@H](O)[C@H]1C(C)(C)CC[C@H](O)[C@@]12C
268,CCC(C)CCCC(O)=N[C@@H](CCN)C(O)=N[C@H](C(O)=N[C@@H](CCN)C(O)=N[C@H]1CCN=C(O)[C@H]([C@@H](C)O)N=C(O)[C@H](CCN)N=C(O)[C@H](CCN)N=C(O)[C@H](CC(C)C)N=C(O)[C@@H](CC(C)C)N=C(O)[C@H](CCN)N=C1O)[C@@H](C)O.O=S(=O)(O)O
269,C[C@H]1[C@H]2CC[C@H]3[C@@H]4CC=C5C[C@@H](N(C)C)CC[C@]5(C)[C@H]4CC[C@]23CN1C
270,COc1ccc(C(=O)OC2C[C@@H]3CC[C@H](C2)N3C)cc1OC.Cl
271,O.O.O.O.O.O=S(=O)([O-])[O-].[Cu+2]
272,COc1cc2cc3c4cc(OC)c(OC)cc4cc[n+]3c(C)c2cc1OC.O.[Cl-]
273,C[C@H](N)[C@H](O)c1ccc(O)c(O)c1
274,C[C@]12C[C@H](O)[C@H]3[C@@H](CCC4=CC(=O)CC[C@@]43C)[C@@H]1CC[C@@H]2C(=O)CO
275,C[C@]12CC(=O)[C@H]3[C@@H](CCC4=CC(=O)CC[C@@]43C)[C@@H]1CC[C@]2(O)C(=O)CO
276,COC(=O)[C@@H]1[C@@H](O)CC[C@H]2CN3CCc4c([nH]c5ccccc45)[C@@H]3C[C@H]12.Cl
277,CN1C(=O)CC[C@H]1c1cccnc1
278,CC(C)c1nnc2ccc(-c3ocnc3-c3cc(F)ccc3F)cn12
279,CC(C)(C)c1nnc2ccc(-c3ocnc3-c3cc(F)c(F)cc3F)cn12
280,O=C([O-])c1cc(=O)c2c(OCC(O)COc3cccc4oc(C(=O)[O-])cc(=O)c34)cccc2o1.[Na+].[Na+]
281,C/C=C/C(=O)N(CC)c1ccccc1C
282,Nc1ncnc2c1ncn2[C@@H]1O[C@@H]2COP(=O)(O)O[C@@H]2C1O
283,CN1CCN(C(c2ccccc2)c2ccccc2)CC1.Cl
284,CN(C)CCC=C1c2ccccc2C=Cc2ccccc21.Cl
285,NS(=O)(=O)c1cc2c(cc1Cl)NC(CC1CCCC1)NS2(=O)=O
286,CN(C)CCOC(=O)C(c1ccccc1)C1(O)CCCC1.Cl
287,N[C@@H]1CON=C1O
288,CN1CCC(=C2c3ccccc3C=Cc3ccccc32)CC1.Cl
289,CC(=O)O[C@]1(C(C)=O)CC[C@H]2[C@@H]3C=C(Cl)C4=CC(=O)[C@@H]5C[C@@H]5[C@]4(C)[C@H]3CC[C@@]21C
290,O=c1cccc2n1CC1CNCC2C1
291,C=C1[C@@H](C)[C@H]2[C@H](Cc3ccccc3)N=C(O)[C@]23OC(=O)C=C[C@H](O)CCC[C@@H](C)CC=C[C@H]3[C@@H]1O
292,CN(C)/N=N/c1[nH]cnc1C(N)=O
293,C#C[C@]1(O)CC[C@H]2[C@@H]3CCC4=Cc5oncc5C[C@]4(C)[C@H]3CC[C@@]21C
294,O=C1N=C([O-])CN1/N=C/c1ccc(-c2ccc([N+](=O)[O-])cc2)o1.[Na+]
295,Nc1ccc(S(=O)(=O)c2ccc(N)cc2)cc1
296,COc1cccc2c1C(=O)c1c(O)c3c(c(O)c1C2=O)C[C@@](O)(C(C)=O)C[C@@H]3O[C@H]1C[C@H](N)[C@H](O)[C@H](C)O1.Cl
297,N=C(N)N1CCc2ccccc2C1
298,C[N+](C)(C)CCCCCCCCCC[N+](C)(C)C.[Br-].[Br-]
299,CC(=O)N(O)CCCCCN=C(O)CCC(=O)N(O)CCCCCN=C(O)CCC(=O)N(O)CCCCCN.CS(=O)(=O)O
300,C[C@H](CCC(=O)O)[C@H]1CC[C@H]2[C@@H]3C(=O)C[C@@H]4CC(=O)CC[C@]4(C)[C@H]3CC(=O)[C@@]21C
301,CCN1C[C@]2(COC)CC[C@H](O)[C@]34C1[C@](O)([C@@H](OC)[C@H]23)[C@@]1(O)C[C@H](OC)[C@H]2C[C@@H]4[C@@H]1[C@H]2OC
302,CN(CCCCCCCCCCN(C)C(=O)Oc1cccc([N+](C)(C)C)c1)C(=O)Oc1cccc([N+](C)(C)C)c1.[Br-].[Br-]
303,CN(C)[C@@H]1C(=O)C(C(=N)O)=C(O)[C@@]2(O)C(=O)C3=C(O)c4c(O)ccc(Cl)c4[C@@H](O)[C@H]3C[C@@H]12.Cl
304,CNC1CCc2cc(OC)c(OC)c(OC)c2-c2ccc(OC)c(=O)cc21
305,CC[N+](CC)(CC([O-])=Nc1c(C)cccc1C)Cc1ccccc1.O=C(O)c1ccccc1
306,CN1C2CCC1CC(OC1c3ccccc3CCc3ccccc31)C2.O=C(O)CC(O)(CC(=O)O)C(=O)O
307,C=C[C@@H](O)[C@@H]1O[C@H]1/C=C/[C@@H]1O[C@H]1[C@@H](C)O
308,Cc1cc(=N)c2ccccc2n1CCCCCCCCCCn1c(C)cc(=N)c2ccccc21.Cl.Cl
309,CNCCCN1c2ccccc2CCc2ccccc21.Cl
310,C[C@]12CC[C@H]3[C@@H](CCC4=CC(=O)CC[C@@]43C)[C@@H]1CC[C@@H]2C(=O)CO
311,C[C@@H]1C[C@H]2[C@@H]3CCC4=CC(=O)C=C[C@]4(C)[C@@]3(F)[C@@H](O)C[C@]2(C)[C@@]1(O)C(=O)CO
312,CC(=O)OCC(=O)[C@@]1(O)[C@H](C)C[C@H]2[C@H]3CCC4=CC(=O)C=C[C@]4(C)[C@@]3(F)[C@@H](O)C[C@@]21C
313,CC(C)(CO)[C@@H](O)C(O)=NCCCO
314,CC(C)NCC(O)COc1cccc2ccccc12.Cl
315,Br.COc1ccc2c(c1)[C@]13CCCC[C@@H]1[C@H](C2)N(C)CC3.O
316,CC1=Nc2ccc(Cl)cc2S(=O)(=O)N1
317,O=C([O-])Cc1ccccc1Nc1c(Cl)cccc1Cl.[Na+]
318,NS(=O)(=O)c1cc(Cl)c(Cl)c(S(N)(=O)=O)c1
319,Cc1onc(-c2c(Cl)cccc2Cl)c1C([O-])=N[C@@H]1C(=O)N2[C@@H](C(=O)O)C(C)(C)S[C@H]12.[Na+]
320,O=c1oc2ccccc2c(O)c1Cc1c(O)c2ccccc2oc1=O
321,CCN(CC)CCOC(=O)C1(C2CCCCC2)CCCCC1.Cl
322,C/C=C(C(=C/C)/c1ccc(O)cc1)\c1ccc(O)cc1
323,CCN(CC)C(=O)N1CCN(C)CC1.O=C(O)CC(O)(CC(=O)O)C(=O)O
324,CC/C(=C(/CC)c1ccc(O)cc1)c1ccc(O)cc1
325,Cl.OC(CCCN1CCCCC1)(c1ccccc1)c1ccccc1
326,CC(=O)OCC(=O)[C@@]1(OC(C)=O)[C@@H](C)C[C@H]2[C@@H]3C[C@H](F)C4=CC(=O)C=C[C@]4(C)[C@@]3(F)[C@@H](O)C[C@@]21C
327,O=C(O)c1cc(-c2ccc(F)cc2F)ccc1O
328,C[C@]12CC[C@H](O)C[C@H]1CC[C@@H]1[C@@H]2CC[C@]2(C)[C@@H](C3=CC(=O)OC3)CC[C@]12O
329,C[C@]12CC[C@H](O)C[C@H]1CC[C@@H]1[C@@H]2C[C@@H](O)[C@]2(C)[C@@H](C3=CC(=O)OC3)CC[C@]12O
330,C[C@H]1O[C@@H](O[C@H]2[C@@H](O)C[C@H](O[C@H]3[C@@H](O)C[C@H](O[C@H]4CC[C@]5(C)[C@H]6C[C@@H](O)[C@]7(C)[C@@H](C8=CC(=O)OC8)CC[C@]7(O)[C@@H]6CC[C@@H]5C4)O[C@@H]3C)O[C@@H]2C)C[C@H](O)[C@@H]1O
331,CC(C)[C@@]1(N=C(O)[C@@H]2C[C@@H]3c4cccc5[nH]cc(c45)C[C@H]3N(C)C2)O[C@@]2(O)[C@@H]3CCCN3C(=O)[C@H](Cc3ccccc3)N2C1=O.CS(=O)(=O)O
332,CN1C[C@H](C(O)=N[C@]2(C)O[C@@]3(O)[C@@H]4CCCN4C(=O)[C@H](Cc4ccccc4)N3C2=O)C[C@@H]2c3cccc4[nH]cc(c34)C[C@H]21.CN1C[C@H](C(O)=N[C@]2(C)O[C@@]3(O)[C@@H]4CCCN4C(=O)[C@H](Cc4ccccc4)N3C2=O)C[C@@H]2c3cccc4[nH]cc(c34)C[C@H]21.O=C(O)[C@H](O)[C@@H](O)C(=O)O
333,CN[C@@H]1[C@H](O[C@H]2[C@H](O[C@@H]3[C@@H](NC(=N)N)[C@H](O)[C@@H](NC(=N)N)[C@H](O)[C@H]3O)O[C@@H](C)[C@]2(O)CO)O[C@@H](CO)[C@H](O)[C@H]1O.O=S(=O)(O)O
334,COc1cc(C(=O)OCCCN2CCCN(CCCOC(=O)c3cc(OC)c(OC)c(OC)c3)CC2)cc(OC)c1OC.Cl.Cl
335,CN(C(=O)C(Cl)Cl)c1ccc(OC(=O)c2ccco2)cc1
336,COc1ccc([C@@H]2Sc3ccccc3N(CCN(C)C)C(=O)[C@@H]2OC(C)=O)cc1.Cl
337,CN(C)CCOC(c1ccccc1)c1ccccc1.Cn1c(=O)c2nc(Cl)[nH]c2n(C)c1=O
338,CC1(C)OC(=O)N=C1O
339,COC(=O)CNC(=O)C(=O)OC
340,CCCCC[C@H](O)/C=C/[C@H]1[C@H](O)C[C@H](O)[C@@H]1C/C=C\CCCC(=O)O.NC(CO)(CO)CO
341,CCCCC[C@H](O)/C=C/[C@H]1[C@H](O)CC(=O)[C@@H]1C/C=C\CCCC(=O)O
342,COc1ccc(C(=O)c2ccccc2O)c(O)c1
343,Cl.OC(=Nc1ccccc1)OCC(CN1CCCCC1)OC(O)=Nc1ccccc1
344,COS(=O)(=O)[O-].C[N+]1(C)CCC(=C(c2ccccc2)c2ccccc2)CC1
345,CN(C)CCOC(c1ccccc1)c1ccccc1.Cl
346,CN1CCC(OC(c2ccccc2)c2ccccc2)CC1.Cl
347,CNCC(O)c1ccc(OC(=O)C(C)(C)C)c(OC(=O)C(C)(C)C)c1.Cl
348,Cn1c(=O)c2c(ncn2CC(O)CO)n(C)c1=O
349,OCCN(CCO)c1nc(N2CCCCC2)c2nc(N(CCO)CCO)nc(N3CCCCC3)c2n1
350,CC[C@H]1OC(=O)[C@H](C)[C@@H](O[C@H]2C[C@@](C)(OC)[C@@H](O)[C@H](C)O2)[C@H](C)[C@@H](O[C@@H]2O[C@H](C)C[C@H](N(C)C)[C@H]2O)[C@](C)(O)C[C@@H](C)[C@@H]2N[C@@H](COCCOC)O[C@H]([C@H]2C)[C@]1(C)O
351,CC(C)N(CCC(C(=N)O)(c1ccccc1)c1ccccn1)C(C)C
352,CCN(CC)C(=S)SSC(=S)N(CC)CC
353,Cc1c(C)c2c(c(C)c1O)CC[C@@](C)(CCC[C@H](C)CCC[C@H](C)CCCC(C)C)O2
354,CCCCCCCCCCCCCCCC(O)=N[C@H](CN1CCOCC1)[C@H](O)c1ccccc1.Cl
355,O=C(O)CN=C(O)C(CS)Cc1ccccc1
356,CC(CCc1ccc(O)cc1)NCCc1ccc(O)c(O)c1.Cl
357,O=C(O)/C=C\C(=O)O.Oc1nc2ccccc2n1CCCN1CCC(n2c(O)nc3cc(Cl)ccc32)CC1
358,Cl.NCCc1ccc(O)c(O)c1
359,CCN[C@H]1C[C@H](C)S(=O)(=O)c2sc(S(N)(=O)=O)cc21.Cl
360,CN(C)CC/C=C1/c2ccccc2CSc2ccccc21.Cl
361,COc1cc2nc(N3CCN(C(=O)C4COc5ccccc5O4)CC3)[nH]c(=N)c2cc1OC.CS(=O)(=O)O
362,CN(C)CC/C=C1\c2ccccc2COc2ccccc21.Cl
363,COc1cccc2c1C(=O)c1c(O)c3c(c(O)c1C2=O)C[C@@](O)(C(=O)CO)C[C@@H]3O[C@H]1C[C@H](N)[C@H](O)[C@H](C)O1.Cl
364,C[C@H]1c2cccc(O)c2C(O)=C2C(=O)[C@]3(O)C(O)=C(C(=N)O)C(=O)[C@@H](N(C)C)[C@@H]3[C@@H](O)[C@@H]21.Cl
365,CN(C)CCOC(C)(c1ccccc1)c1ccccn1.O=C(O)CCC(=O)O
366,CCN(CC)CCOC(=O)C(c1ccccc1)C1CCCCC1.Cl
367,O=C(CCCN1CC=C(n2c(O)nc3ccccc32)CC1)c1ccc(F)cc1
368,OCC(O)CN1CCN(c2ccccc2)CC1
369,CCCCOc1ccc(C(=O)CCN2CCCCC2)cc1.Cl
370,CC(=O)[C@H]1CC[C@H]2[C@@H]3C=CC4=CC(=O)CC[C@@]4(C)[C@@H]3CC[C@]12C
371,O=c1c2ccccc2[se]n1-c1ccccc1
372,Clc1ccc(COC(Cn2ccnc2)c2ccc(Cl)cc2Cl)cc1.O=[N+]([O-])O
373,CC[N+](C)(C)c1cccc([O-])c1.Cl
374,Cc1c2ccncc2c(C)c2c1[nH]c1ccccc12
375,CC[C@H]1CN2CCc3cc(OC)c(OC)cc3[C@@H]2C[C@@H]1C[C@H]1NCCc2cc(OC)c(OC)cc21.Cl.Cl
376,CCOC(=O)[C@H](CCc1ccccc1)N[C@@H](C)C(=O)N1CCC[C@H]1C(=O)O
377,C=CCOC(Cn1ccnc1)c1ccc(Cl)cc1Cl
378,CCn1cc(C(=O)O)c(=O)c2cc(F)c(N3CCNCC3)nc21
379,C[C@]12CC[C@H]3[C@@H](CC[C@H]4C[C@@H](O)CC[C@@]43C)[C@@H]1CCC2=O
380,COc1cc(C)nc(-n2nc(C)cc2OC)n1
381,C[C@]12CC[C@H]3[C@@H](CC[C@H]4C[C@@H]5S[C@@H]5C[C@@]43C)[C@@H]1CC[C@@H]2O
382,CC[C@]12CCCN3CCc4c(n(c5ccccc45)[C@](O)(C(=O)OC)C1)[C@@H]32
383,C[C@]12CC[C@H]3C(=CCc4cc(O)ccc43)[C@@H]1CCC2=O
384,C=C1CC[C@H](O)C/C1=C/C=C1\CCC[C@@]2(C)[C@H]1CC[C@@H]2[C@H](C)/C=C/[C@H](C)C(C)C
385,CC[C@H]1OC(=O)[C@H](C)[C@@H](O[C@H]2C[C@@](C)(OC)[C@@H](O)[C@H](C)O2)[C@H](C)[C@@H](O[C@@H]2O[C@H](C)C[C@H](N(C)C)[C@H]2O)[C@](C)(O)C[C@@H](C)C(=O)[C@H](C)[C@@H](O)[C@]1(C)O
386,O=c1ccc2cc(O)c(O)cc2o1
387,O=c1ccc2cc(O[C@@H]3O[C@H](CO)[C@@H](O)[C@H](O)[C@H]3O)c(O)cc2o1
388,C[C@]12CC[C@@H]3c4ccc(O)cc4CC[C@H]3[C@@H]1C[C@@H](O)[C@@H]2O
389,C[C@]12CC[C@@H]3c4ccc(O)cc4CC[C@H]3[C@@H]1CCC2=O
390,C1CNCCN1.C[C@]12CC[C@@H]3c4ccc(OS(=O)(=O)O)cc4CC[C@H]3[C@@H]1CCC2=O
391,C=C(CC)C(=O)c1ccc(OCC(=O)O)c(Cl)c1Cl
392,CCN(CC)C(=O)c1ccc(O)c(OC)c1
393,CCNCC.O=S(=O)(O)c1cc(O)ccc1O
394,O=[N+]([O-])c1nccn1CC(O)=NCCO
395,CCOc1ccc(Cc2nccc3cc(OCC)c(OCC)cc23)cc1OCC.Cl
396,CCc1cc(C(=N)S)ccn1
397,C#C[C@]1(O)CC[C@H]2[C@@H]3CCC4=CC(=O)CC[C@]4(C)[C@H]3CC[C@@]21C
398,CCC1(C)CC(O)=NC1=O
399,CCN1C(=O)C(c2ccccc2)N=C1O
400,CCOc1ccc2c(c1)C(C)=CC(C)(C)N2
401,CCc1cc(Cl)c(OC)c(C(O)=NCC2CCCN2CC)c1O.Cl
402,CC(O)(P(=O)([O-])[O-])P(=O)(O)O.[Na+].[Na+]
403,CCc1cccc(CC)c1N=C(O)CN(CC(=O)O)CC(=O)O
404,CCNCC(O)c1cccc(O)c1.Cl
405,C[C@]12CCC3[C@@H](CC[C@@H]4C[C@H](O)CC[C@]34C)[C@@H]1CCC2=O
406,CCc1cccc2c3c([nH]c12)C(CC)(CC(=O)O)OCC3
407,O=C(OCCOCCO)c1ccccc1Nc1cccc(C(F)(F)F)c1
408,Cn1c(=O)c2c(ncn2CCO)n(C)c1=O
409,CCOC(=O)c1cncn1C(C)c1ccccc1
410,COc1cc([C@@H]2c3cc4c(cc3[C@@H](O[C@@H]3O[C@@H]5CO[C@@H](C)O[C@H]5[C@H](O)[C@H]3O)[C@H]3COC(=O)[C@H]23)OCO4)cc(OC)c1O
411,C#C[C@]1(OC(C)=O)CC[C@H]2[C@@H]3CCC4=C[C@@H](OC(C)=O)CC[C@@H]4[C@H]3CC[C@@]21C
412,CC1CC(OC(=O)C(O)c2ccccc2)CC(C)(C)N1C.Cl
413,C=C1C[C@@H]2[C@H](CC[C@]3(C)C(=O)CC[C@@H]23)[C@@]2(C)C=CC(=O)C=C12
414,CC1=C(CC(=O)O)c2cc(F)ccc2/C1=C\c1ccc(S(C)(=O)=O)cc1
415,N=C(N)Nc1nc(CSCCC(=N)NS(N)(=O)=O)cs1
416,CC(C)c1c(CN(C)C(C)Cc2ccccc2)n(C)n(-c2ccccc2)c1=O
417,Cl.Cl.O=S(=O)(c1cccc2cnccc12)N1CCCNCC1
418,O=C(O)Cc1ccc(-c2ccccc2)cc1
419,CCOC(=O)C1=C(C)NC(C)=C(C(=O)OC)C1c1cccc(Cl)c1Cl
420,CCOC(=O)C1=C(C)NC(C)=C(C(=O)OC)C1c1cccc(Cl)c1Cl
421,COC(O)=Nc1nc2ccc(Sc3ccccc3)cc2[nH]1
422,O=C(O)CCC(=O)c1ccc(-c2ccccc2)cc1
423,CC(NCCC(c1ccccc1)c1ccccc1)c1ccccc1.Cl
424,CC(C)OC(=O)C(C)(C)Oc1ccc(C(=O)c2ccc(Cl)cc2)cc1
425,CC(C(=O)[O-])c1cccc(Oc2ccccc2)c1.CC(C(=O)[O-])c1cccc(Oc2ccccc2)c1.O.O.[Ca+2]
426,Br.CC(Cc1ccc(O)cc1)NCC(O)c1cc(O)cc(O)c1
427,Cl.OC1=NCC2(CCN(CCc3ccccc3)CC2)O1
428,CC(C)(C)N=C(O)[C@H]1CC[C@H]2[C@@H]3CC[C@H]4N=C(O)C=C[C@]4(C)[C@H]3CC[C@]12C
429,Cl.O=C(COc1ccc(Cl)cc1)N1CCN(Cc2ccc3c(c2)OCO3)CC1
430,O=c1c(O)c(-c2ccc(O)c(O)c2)oc2cc(O)ccc12
431,Cc1c(-c2ccccc2)oc2c(C(=O)OCCN3CCCCC3)cccc2c1=O.Cl
432,CC(=O)O.OC(=NCC1CCCCN1)c1cc(OCC(F)(F)F)ccc1OCC(F)(F)F
433,CS(=O)(=O)c1ccc([C@@H](O)[C@@H](CF)N=C(O)C(Cl)Cl)cc1
434,N=c1[nH]c(O)ncc1F
435,CC(=O)OCC(=O)[C@@]1(O)CC[C@H]2[C@@H]3CCC4=CC(=O)CC[C@]4(C)[C@@]3(F)[C@@H](O)C[C@@]21C
436,CC1(C)O[C@@H]2C[C@H]3[C@@H]4C[C@H](F)C5=CC(=O)CC[C@]5(C)[C@H]4[C@@H](O)C[C@]3(C)[C@]2(C(=O)CO)O1
437,O=C(O)c1ccccc1Nc1cccc(C(F)(F)F)c1
438,O=C(O)c1ccccc1Nc1cccc(C(F)(F)F)c1
439,CC1CCc2cc(F)cc3c(=O)c(C(=O)O)cn1c23
440,C[C@@H]1C[C@H]2[C@@H]3C[C@H](F)C4=CC(=O)C=C[C@]4(C)[C@@]3(F)[C@@H](O)C[C@]2(C)[C@@]1(O)C(=O)CO
441,Cl.Cl.Fc1ccc(C(c2ccc(F)cc2)N2CCN(C/C=C/c3ccccc3)CC2)cc1
442,CC1(C)O[C@@H]2C[C@H]3[C@@H]4C[C@H](F)C5=CC(=O)C=C[C@]5(C)[C@H]4[C@@H](O)C[C@]3(C)[C@]2(C(=O)CO)O1
443,CNC[C@H](O)[C@@H](O)[C@H](O)[C@H](O)CO.Cc1c(Nc2ncccc2C(=O)O)cccc1C(F)(F)F
444,CC(=O)OCC(=O)[C@@]12OC(C)(C)O[C@@H]1C[C@H]1[C@@H]3C[C@H](F)C4=CC(=O)C=C[C@]4(C)[C@@]3(F)[C@@H](O)C[C@@]12C
445,CC(=O)[C@@]1(O)CC[C@H]2[C@@H]3C[C@H](C)C4=CC(=O)C=C[C@]4(C)[C@@]3(F)[C@@H](O)C[C@@]21C
446,CNCCC(Oc1ccc(C(F)(F)F)cc1)c1ccccc1.Cl
447,Cl.Cl.OCCN1CCN(CC/C=C2/c3ccccc3Sc3ccc(C(F)(F)F)cc32)CC1
448,Cl.Cl.OCCN1CCN(CCCN2c3ccccc3Sc3ccc(C(F)(F)F)cc32)CC1
449,CC(C(=O)O)c1ccc(-c2ccccc2)c(F)c1
450,OC1=NCN(c2ccccc2)C12CCN(CCCC(c1ccc(F)cc1)c1ccc(F)cc1)CC2
451,CC(C)C(O)=Nc1ccc([N+](=O)[O-])c(C(F)(F)F)c1
452,CCC(=O)O[C@]1(C(=O)SCF)[C@H](C)C[C@H]2[C@@H]3C[C@H](F)C4=CC(=O)C=C[C@]4(C)[C@@]3(F)[C@@H](O)C[C@@]21C
453,CC(C)n1c(/C=C/[C@@H](O)C[C@@H](O)CC(=O)[O-])c(-c2ccc(F)cc2)c2ccccc21.[Na+]
454,COCCCC/C(=N\OCCN)c1ccc(C(F)(F)F)cc1.O=C(O)/C=C\C(=O)O
455,N=c1nc(O)c2nc(CNc3ccc(C(=O)N[C@@H](CCC(=O)O)C(=O)O)cc3)cnc2[nH]1
456,COc1cc(=O)n(C)c2c(OCC(O)C(C)(C)O)cccc12
457,O=C(O)c1ccccc1OP(=O)(O)O
458,O=C1OCCN1/N=C/c1ccc([N+](=O)[O-])o1
459,NS(=O)(=O)c1cc(C(=O)O)c(NCc2ccco2)cc1Cl
460,C/C(=C(/CCO)SSCC1CCCO1)N(C=O)Cc1cnc(C)[nH]c1=N.Cl
461,CCCCc1ccc(C(=O)O)nc1
462,NCC1(CC(=O)O)CCCCC1
463,CCOC(=O)c1ccc(OC(=O)CCCCCNC(=N)N)cc1.CS(=O)(=O)O
464,Br.COc1ccc2c3c1O[C@H]1C[C@@H](O)C=C[C@@]31CCN(C)C2
465,CC[N+](CC)(CC)CCOc1cccc(OCC[N+](CC)(CC)CC)c1OCC[N+](CC)(CC)CC.[I-].[I-].[I-]
466,N=c1nc(O)c2ncn(COC(CO)CO)c2[nH]1
467,COc1cc2ncnc(Nc3ccc(F)c(Cl)c3)c2cc1OCCCN1CCOCC1
468,COC1=C2C[C@@H](C)C[C@H](OC)[C@H](O)[C@@H](C)C=C(C)[C@H](OC(=N)O)[C@@H](OC)C=CC=C(C)C(O)=NC(=CC1=O)C2=O
469,C=CC12CN(C)C3C4COC(CC41)C1(C(O)=Nc4ccccc41)C32
470,Cc1ccc(C)c(OCCCC(C)(C)C(=O)O)c1
471,CN[C@@H]1[C@@H](O)[C@@H](O[C@@H]2[C@@H](O)[C@H](O[C@H]3O[C@H](CN)CC[C@H]3N)[C@@H](N)C[C@H]2N)OC[C@]1(C)O.CN[C@@H]1[C@@H](O)[C@@H](O[C@@H]2[C@@H](O)[C@H](O[C@H]3O[C@H]([C@@H](C)N)CC[C@H]3N)[C@@H](N)C[C@H]2N)OC[C@]1(C)O.CN[C@H](C)[C@@H]1CC[C@@H](N)[C@@H](O[C@@H]2[C@@H](N)C[C@@H](N)[C@H](O[C@H]3OC[C@](C)(O)[C@H](NC)[C@H]3O)[C@H]2O)O1.O=S(=O)(O)O
472,C=C1CC23CC1(O)CCC2C12C=CC(O)C(C)(C(=O)O1)C2C3C(=O)O
473,Cl.O=C(OCC(O)CO)c1ccccc1Nc1ccnc2cc(Cl)ccc12
474,COc1ccc(Cl)cc1C(O)=NCCc1ccc(S(=O)(=O)NC(O)=NC2CCCCC2)cc1
475,Cc1ccc(S(=O)(=O)NC(O)=NN2CC3CCCC3C2)cc1
476,CCC1=C(C)CN(C(O)=NCCc2ccc(S(=O)(=O)NC(O)=NC3CCC(C)CC3)cc2)C1=O
477,Cc1cnc(C(O)=NCCc2ccc(S(=O)(=O)NC(O)=NC3CCCCC3)cc2)cn1
478,COc1ccc2c(c1)C(=O)N(CCc1ccc(S(=O)(=O)NC(O)=NC3CCCCC3)cc1)C(=O)C2(C)C
479,C[C@H](CCC(O)=NCC(=O)O)[C@H]1CC[C@H]2[C@H]3[C@H](C[C@H](O)[C@@]21C)[C@@]1(C)CC[C@@H](O)C[C@H]1C[C@H]3O
480,C[N+]1(C)CCC(OC(=O)C(O)(c2ccccc2)C2CCCC2)C1.[Br-]
481,Cc1cc2c(C(C)C)c(O)c(O)c(C=O)c2c(O)c1-c1c(C)cc2c(C(C)C)c(O)c(O)c(C=O)c2c1O
482,CN(C)Cc1c[nH]c2ccccc12
483,COC1=CC(=O)C[C@@H](C)[C@]12Oc1c(Cl)c(OC)cc(OC)c1C2=O
484,COc1ccccc1OCC(O)CO
485,N=C(N)N/N=C/c1c(Cl)cccc1Cl
486,N=C(N)NCC1COC2(CCCCC2)O1.N=C(N)NCC1COC2(CCCCC2)O1.O=S(=O)(O)O
487,N=C(N)NCCN1CCCCCCC1
488,Cl.N=C(N)N=C(O)Cc1c(Cl)cccc1Cl
489,CC1CNCCN1S(=O)(=O)c1cccc2cnccc12.Cl.Cl
490,O=S(=O)(NCCNC/C=C/c1ccc(Br)cc1)c1cccc2cnccc12
491,CC1(C)O[C@@H]2C[C@H]3[C@@H]4CCC5=CC(=O)CC[C@]5(C)[C@@]4(F)[C@@H](O)C[C@]3(C)[C@]2(C(=O)CCl)O1
492,CCCCN(CCCC)CCC(O)c1cc2c(Cl)cc(Cl)cc2c2cc(C(F)(F)F)ccc12.Cl
493,O=C(CCCN1CCC(O)(c2ccc(Cl)cc2)CC1)c1ccc(F)cc1
494,COc1ccc2c3c([nH]c2c1)C(C)=NCC3.Cl.O.O
495,Cc1nccc2c1[nH]c1ccccc12.Cl
496,COc1ccc2c(c1)[nH]c1c(C)nccc12.Cl
497,Cc1[nH]ccc2c1[nH]c1cc(=O)ccc12.Cl.O
498,C[C@]1(OC(=O)/C=C/c2ccccc2)C[C@@H](O)[C@]2(O)C=CO[C@@H](O[C@@H]3O[C@H](CO)[C@@H](O)[C@H](O)[C@H]3O)[C@H]12
499,CC1N=C(O)C(C)N=C(O)C2CCCN2C(=O)C(CCCCCC(=O)C2CO2)N=C1O
500,C[C@H]1[C@H]2[C@H](C[C@H]3[C@@H]4CC[C@H]5C[C@@H](O)CC[C@]5(C)[C@H]4CC(=O)[C@@]32C)O[C@]12CC[C@@H](C)CO2
501,CO[C@H](C)[C@](O)(C(=O)OCC1=CCN2CC[C@H](O)[C@@H]12)C(C)C
502,C[C@H]1O[C@@H](O[C@H]2CC[C@]3(C=O)[C@H]4CC[C@]5(C)[C@@H](C6=CC(=O)OC6)CC[C@]5(O)[C@@H]4CC[C@]3(O)C2)C[C@H](O)[C@@H]1O
503,C[N+]1(C)CCOC(O)(c2ccc(-c3ccc(C4(O)C[N+](C)(C)CCO4)cc3)cc2)C1.[Br-].[Br-]
504,CC(N)CCCC(C)(C)O.Cl
505,COc1ccc([C@@H]2CC(=O)c3c(O)cc(O)cc3O2)cc1O
506,COc1ccc([C@@H]2CC(=O)c3c(O)cc(O[C@@H]4O[C@H](CO[C@@H]5O[C@@H](C)[C@H](O)[C@@H](O)[C@H]5O)[C@@H](O)[C@H](O)[C@H]4O)cc3O2)cc1O
507,C[N+](C)(C)CCCCCC[N+](C)(C)C.O.O.[Br-].[Br-]
508,CCC(c1ccc(O)cc1)C(CC)c1ccc(O)cc1
509,CCCCC(CC)CN1CN(CC(CC)CCCC)CC(C)(N)C1
510,CC(CNC1CCCCC1)OC(=O)c1ccccc1.Cl
511,CC(=O)OCOC(c1ccc2ccccc2c1)P(=O)(OCOC(C)=O)OCOC(C)=O
512,Br.CN1[C@H]2CC[C@@H]1CC(OC(=O)C(O)c1ccccc1)C2
513,CN1CCCN(C(c2ccccc2)c2ccc(Cl)cc2)CC1.Cl.Cl
514,CC1CC(OC(=O)c2ccccc2O)CC(C)(C)C1
515,CCN(CC)CCNc1ccc(CO)c2sc3ccccc3c(=O)c12
516,Cl.NN=c1[nH]ncc2ccccc12
517,COc1ccc2c(c1OC)C(=O)O[C@@H]2[C@H]1c2cc3c(cc2CCN1C)OCO3.Cl
518,CN1CCc2cc3c(cc2C1O)OCO3.Cl
519,NS(=O)(=O)c1cc2c(cc1Cl)NCNS2(=O)=O
520,C[C@]12C[C@H](O)[C@H]3[C@@H](CCC4=CC(=O)CC[C@@]43C)[C@@H]1CC[C@]2(O)C(=O)CO
521,Br.COc1c2c(cc3c1OCO3)CCN(C)C2
522,NS(=O)(=O)c1cc2c(cc1C(F)(F)F)NCNS2(=O)=O
523,CC[C@H]1CN2CCC1C[C@H]2[C@H](O)c1ccnc2ccc(OC)cc12
524,CC1=CC(=O)C2=C(C)CC(O)C3C(C)C(=O)OC3C12
525,Cl.Cl.OCCOCCN1CCN(C(c2ccccc2)c2ccc(Cl)cc2)CC1
526,Cc1cc(=O)oc2cc(O)ccc12
527,CN1[C@H]2CC[C@@H]1CC(OC(=O)[C@H](CO)c1ccccc1)C2
528,CC(=O)c1ccc(N2CCOCC2)cc1O
529,Cl.c1ccc2c(c1)OCC(C1=NCCN1)O2
530,O=c1nc(O)c(I)cn1[C@H]1C[C@H](O)[C@@H](CO)O1
531,CC(C(O)c1ccc(O)cc1)N1CCC(Cc2ccccc2)CC1
532,O=P1(NCCCl)OCCCN1CCCl
533,CC#CCC(C)[C@H](O)/C=C/[C@@H]1[C@H]2C/C(=C/CCCC(=O)O)C[C@H]2C[C@H]1O
534,CS(=O)(=O)O.Cc1ccc(NC(=O)c2ccc(CN3CCN(C)CC3)cc2)cc1Nc1nccc(-c2cccnc2)n1
535,O=C1N=C(O)C(NC(O)=NCN=C(O)NC2C(O)=NC(=O)N2CO)N1CO
536,C[C@@H](O)[C@H]1C(=O)N2C(C(=O)O)=C(SCCNC=N)C[C@H]12
537,CN(C)CCCN1c2ccccc2CCc2ccccc21.Cl
538,CC1Cc2ccccc2N1N=C(O)c1ccc(Cl)c(S(N)(=O)=O)c1
539,COc1ccc2c(c1)c(CC(=O)O)c(C)n2C(=O)c1ccc(Cl)cc1
540,CC(C(=O)O)c1ccc(N2Cc3ccccc3C2=O)cc1
541,N=C(N)NCc1cccc(I)c1.O=S(=O)(O)O
542,CC(=O)N(CC(C)C(=O)O)c1c(I)cc(I)c(N)c1I
543,CC(=O)N(CC(O)CN(C(C)=O)c1c(I)c(C(O)=NCC(O)CO)c(I)c(C(O)=NCC(O)CO)c1I)c1c(I)c(C(O)=NCC(O)CO)c(I)c(C(O)=NCC(O)CO)c1I
544,CC(=O)N(CC(O)CO)c1c(I)c(C(O)=NCC(O)CO)c(I)c(C(O)=NCC(O)CO)c1I
545,C[C@H](C[C@H](C)C(=O)/C=C(\[O-])[C@H](C)C[C@H](C)C/C=C/[C@@H](C)[C@@H](O)[C@@H](C)[C@@H](O)C[C@@H]1CC[C@@](C)([C@H]2CC[C@@](C)([C@@H](C)O)O2)O1)C[C@H](C)CCC(=O)[O-].[Ca+2]
546,C[C@H](O)C(O)=Nc1c(I)c(C(O)=NC(CO)CO)c(I)c(C(O)=NC(CO)CO)c1I
547,CCC(Cc1c(I)cc(I)c(N)c1I)C(=O)O
548,COCC(O)=Nc1c(I)c(C(=O)N(C)CC(O)CO)c(I)c(C(O)=NCC(O)CO)c1I
549,O=C(CO)N(CCO)c1c(I)c(C(O)=NCC(O)CO)c(I)c(C(O)=NCC(O)CO)c1I
550,CN=C(O)c1c(I)c(C(O)=NCC(O)=Nc2c(I)c(C(=O)O)c(I)c(C(O)=NCCO)c2I)c(I)c(N(C)C(C)=O)c1I
551,CC(C)[N+]1(C)[C@H]2CC[C@@H]1CC(OC(=O)[C@H](CO)c1ccccc1)C2.[Br-]
552,CC(C)NNC(=O)c1ccncc1.O=P(O)(O)O
553,CCc1c2c(nc3ccc(OC(=O)N4CCC(N5CCCCC5)CC4)cc13)-c1cc3c(c(=O)n1C2)COC(=O)[C@]3(O)CC
554,Cc1cc(C(=O)NNCc2ccccc2)no1
555,Clc1ccc(C(Cn2ccnc2)OCc2c(Cl)cccc2Cl)c(Cl)c1
556,CCC(NC(C)C)C(O)c1ccc(O)c(O)c1.CS(=O)(=O)O
557,CC(=O)OCC(=O)[C@@]1(O)CC[C@H]2[C@@H]3CCC4=CC(=O)C=C[C@]4(C)[C@@]3(F)[C@@H](O)C[C@@]21C
558,NNC(=O)c1ccncc1
559,CC(C)[N+](C)(CCC(C(=N)[O-])(c1ccccc1)c1ccccc1)C(C)C.I
560,O=[N+]([O-])O[C@H]1CO[C@H]2[C@@H]1OC[C@H]2O[N+](=O)[O-]
561,CC1=C(/C=C/C(C)=C/C=C/C(C)=C\C(=O)O)C(C)(C)CCC1
562,Cc1cc(=NC(=O)C2=C(O)c3ccccc3S(=O)(=O)N2C)[nH]o1
563,CC(COc1ccccc1)NC(C)C(O)c1ccc(O)cc1.Cl
564,COC(=O)C1=C(C)NC(C)=C(C(=O)OC(C)C)C1c1cccc2nonc12
565,CC[C@H](C)[C@H]1O[C@]2(CC[C@@H]1C)C[C@@H]1C[C@@H](CC=C(C)[C@@H](O[C@H]3C[C@H](OC)[C@@H](O[C@H]4C[C@H](OC)[C@@H](O)[C@H](C)O4)[C@H](C)O3)[C@@H](C)C=CC=C3CO[C@@H]4[C@H](O)C(C)=C[C@@H](C(=O)O1)[C@]34O)O2
566,O=c1c(O)c(-c2ccc(O)cc2)oc2cc(O)cc(O)c12
567,NC[C@H]1O[C@@H](O[C@@H]2[C@H](N)C[C@@H](N)[C@H](O[C@H]3O[C@H](CO)[C@@H](O)[C@H](N)[C@H]3O)[C@H]2O)[C@H](O)[C@@H](O)[C@@H]1O.O=S(=O)(O)O
568,CCN1C[C@]2(C)CC[C@H](O)[C@]34C1[C@H](C[C@@H]32)[C@@]1(O)C[C@H](OC)[C@H]2C[C@@H]4[C@@H]1[C@H]2O
569,COC1=CC(=O)O[C@@H](/C=C/c2ccccc2)C1
570,O.O=C(O)C(O)C(O)C(=O)O.O=C(c1ccc(F)cc1)C1CCN(CCn2c(O)nc3ccccc3c2=O)CC1
571,CC(=O)N1CCN(c2ccc(OC[C@H]3CO[C@](Cn4ccnc4)(c4ccc(Cl)cc4Cl)O3)cc2)CC1
572,CC(C(=O)O)c1cccc(C(=O)c2ccccc2)c1
573,NC(CO)(CO)CO.O=C(c1ccccc1)c1ccc2n1CCC2C(=O)O
574,CN1CCC(=C2c3ccccc3CC(=O)c3sccc32)CC1.O=C(O)/C=C/C(=O)O
575,COc1c2occc2c(OC)c2c(=O)cc(C)oc12
576,c1coc(CNc2nc[nH]c3ncnc2-3)c1
577,CS(=N)(=O)CC[C@H](N)C(=O)O
578,CC(CCc1ccccc1)NCC(O)c1ccc(O)c(C(=N)O)c1.Cl
579,CC(=O)OC1CC(OC2C(O)CC(OC3C(O)CC(O[C@H]4CC[C@]5(C)C6C[C@@H](O)[C@]7(C)[C@@H](C8=CC(=O)OC8)CC[C@]7(O)[C@@H]6CC[C@@H]5C4)OC3C)OC2C)OC(C)C1OC1OC(CO)C(O)C(O)C1O
580,Cc1c(OCC(F)(F)F)ccnc1CS(=O)c1nc2ccccc2[nH]1
581,CC[C@@H](C(=O)[C@@H](C)[C@@H](O)[C@H](C)CCc1ccc(C)c([O-])c1C(=O)O)[C@H]1O[C@](CC)([C@H]2CC[C@](O)(CC)[C@H](C)O2)C[C@@H]1C.[Na+]
582,CO[C@@]1(N=C([O-])C(C(=O)O)c2ccc([O-])cc2)C(=O)N2C(C(=O)O)=C(CSc3nnnn3C)CO[C@@H]21.[Na+].[Na+]
583,COc1ccc(CC2c3cc(OC)c(OC)cc3CCN2C)cc1OC
584,Cc1oncc1C(=O)Nc1ccc(C(F)(F)F)cc1
585,N#Cc1ccc(C(c2ccc(C#N)cc2)n2cncn2)cc1
586,Cl.c1ccc([C@H]2CN3CCSC3=N2)cc1
587,N[C@@H]1CON=C1O
588,CC(C)(C)NC[C@H](O)COc1cccc2c1CCCC2=O.Cl
589,CC1CN(C2CCC(C#N)(c3ccc(F)cc3)CC2)CCC1(C(=O)O)c1ccccc1.Cl
590,N[C@@H](Cc1ccc(O)c(O)c1)C(=O)O
591,COc1ccc2c(c1)N(C[C@H](C)CN(C)C)c1ccccc1S2.O=C(O)/C=C\C(=O)O
592,C#C[C@]1(O)CC[C@H]2[C@@H]3CCC4=CC(=O)CC[C@@H]4[C@H]3CC[C@@]21CC
593,N[C@@H](Cc1cc(I)c(Oc2cc(I)c(O)c(I)c2)c(I)c1)C(=O)O
594,Cc1cccc(C)c1N=C(O)CN1CCN(CCCC(c2ccc(F)cc2)c2ccc(F)cc2)CC1
595,CCC[C@@H]1C[C@@H](C(O)=NC(C(C)O)C2OC(SC)[C@@H](O)[C@H](O)[C@H]2O)N(C)C1.Cl
596,N[C@@H](Cc1cc(I)c(Oc2ccc(O)c(I)c2)c(I)c1)C(=O)O
597,NCCCC[C@H](N[C@@H](CCc1ccccc1)C(=O)O)C(=O)N1CCC[C@H]1C(=O)O
598,CCN(CC)C(O)=N[C@H]1C=C2c3cccc4[nH]cc(c34)C[C@H]2N(C)C1
599,C[C@H](CCC(=O)O)[C@H]1CC[C@H]2[C@@H]3CC[C@@H]4C[C@H](O)CC[C@]4(C)[C@H]3CC[C@@]21C
600,COC(=O)c1cc2cc(S(C)(=O)=O)ccc2n1Cc1ccc(Cl)cc1
601,CN1C(CC(O)c2ccccc2)CCCC1CC(O)c1ccccc1.Cl
602,CN1[C@H](C[C@H](O)c2ccccc2)CCC[C@@H]1CC(=O)c1ccccc1.Cl
603,CCn1cc(C(=O)O)c(=O)c2cc(F)c(N3CCNC(C)C3)c(F)c21.Cl
604,O=NN(CCCl)C(O)=NC1CCCCC1
605,CN(C)C(=O)C(CCN1CCC(O)(c2ccc(Cl)cc2)CC1)(c1ccccc1)c1ccccc1.Cl
606,N[C@@H](C(O)=N[C@@H]1C(=O)N2C(C(=O)O)=C(Cl)CC[C@H]12)c1ccccc1
607,CCCCCN(CCCCC)C(=O)C(CCC(=O)[O-])N=C(O)c1ccc(Cl)c(Cl)c1.[Na+]
608,CC[C@H](C)C(=O)O[C@H]1C[C@@H](C)C=C2C=C[C@H](C)[C@H](CC[C@@H]3C[C@@H](O)CC(=O)O3)[C@H]21
609,CN1CCN(C2=Nc3ccccc3Oc3ccc(Cl)cc32)CC1.O=C(O)CCC(=O)O
610,COC1=C[C@@H]2C3=C([C@@H](N=C(C)O)CCc4cc(OC)c(OC)c(OC)c43)[C@@H]2C1=O
611,O=c1cc(-c2ccc(O)c(O)c2)oc2cc(O)cc(O)c12
612,O=c1cc(N2CCOCC2)oc2c(-c3ccccc3)cccc12
613,O[C@H]1C=C2CCN3Cc4cc5c(cc4[C@H]([C@@H]1O)[C@@H]23)OCO5
614,CN(C)[C@@H]1C(=O)C(C(O)=NCNCCCC[C@H](N)C(=O)O)=C(O)C2(O)C(=O)C3=C(O)c4c(O)cccc4[C@@](C)(O)[C@H]3C[C@@H]12
615,C#C[C@]1(O)CC[C@H]2[C@@H]3CCC4=CCCC[C@@H]4[C@H]3CC[C@@]21C
616,CN1C[C@H](CO)C=C2c3cccc4[nH]cc(c34)C[C@H]21
617,Cl.NCc1ccc(S(N)(=O)=O)cc1
618,CNCCCC12CCC(c3ccccc31)c1ccccc12.Cl
619,COC(O)=Nc1nc2ccc(C(=O)c3ccccc3)cc2[nH]1
620,CCN(CCCCOC(=O)c1ccc(OC)c(OC)c1)C(C)Cc1ccc(OC)cc1.Cl
621,CN1CCc2c(c3ccccc3n2Cc2ccccc2)C1.CN1CCc2c(c3ccccc3n2Cc2ccccc2)C1.O=S(=O)(O)c1cccc2c(S(=O)(=O)O)cccc12
622,CNC1(C)C2CCC(C2)C1(C)C
623,C=C1c2c(Cl)ccc(O)c2C(O)=C2C(=O)[C@]3(O)C(O)=C(C(=N)O)C(=O)[C@@H](N(C)C)[C@@H]3[C@@H](O)[C@H]12.O=C(O)c1cc(S(=O)(=O)O)ccc1O
624,Cc1ccc(Cl)c(Nc2ccccc2C(=O)[O-])c1Cl.O.[Na+]
625,CN(C)CCOC(=O)COc1ccc(Cl)cc1.Cl
626,Cc1cccc(CN2CCN(C(c3ccccc3)c3ccc(Cl)cc3)CC2)c1.Cl.Cl
627,CC(=O)[C@H]1CC[C@H]2[C@@H]3C[C@H](C)C4=CC(=O)CC[C@]4(C)[C@H]3[C@@H](O)C[C@]12C
628,Cc1cccc(Nc2ccccc2C(=O)O)c1C
629,CCN(CC)CCN=C(O)COc1ccc(OC)cc1.Cl
630,Cl.OC(c1cc(C(F)(F)F)nc2c(C(F)(F)F)cccc12)[C@H]1CCCCN1
631,CC(=O)O[C@]1(C(C)=O)CC[C@H]2[C@@H]3C=C(C)C4=CC(=O)CC[C@]4(C)[C@H]3CC[C@@]21C
632,CNC[C@H](O)[C@@H](O)[C@H](O)[C@H](O)CO
633,COc1ccc2[nH]cc(CCN=C(C)O)c2c1
634,CC12CC3CC(C)(C1)CC(N)(C3)C2.Cl
635,CC1=CC(=O)c2ccccc2C1=O
636,CCN(CC)CCCC(C)N=c1c2ccc(Cl)cc2[nH]c2ccc(OC)cc12.Cl.Cl.O.O
637,C[N+]1(C)CCCC(OC(=O)C(O)(c2ccccc2)c2ccccc2)C1.[Br-]
638,Cc1ccccc1OCC(O)CO
639,CNC(C)(C)Cc1ccccc1.CNC(C)(C)Cc1ccccc1.O=S(=O)(O)O
640,CCC1(c2ccccc2)N=C(O)N(C)C1=O
641,CCCNC(C)(C)COC(=O)c1ccccc1.Cl
642,CCC1(c2cccc(O)c2)CCCCN(C)C1.Cl
643,COc1ccc(CN(CCN(C)C)c2ccccn2)cc1.O=C(O)/C=C\C(=O)O
644,O.Sc1ncnc2[nH]cnc12
645,C[C@@H](O)[C@H]1C(=O)N2C(C(=O)O)=C(S[C@@H]3CN[C@H](C(=O)N(C)C)C3)[C@H](C)[C@H]12
646,Nc1ccc(O)c(C(=O)O)c1
647,Nc1ccc(O)c(C(=O)O)c1
648,CN1CCCCC1CCN1c2ccccc2Sc2ccc(S(C)=O)cc21.O=S(=O)(O)c1ccccc1
649,C#C[C@]1(O)CC[C@H]2[C@@H]3CCc4cc(OC)ccc4[C@H]3CC[C@@]21C
650,C=C1c2cccc(O)c2C(O)=C2C(=O)[C@]3(O)C(O)=C(C(=N)O)C(=O)[C@@H](N(C)C)[C@@H]3[C@@H](O)[C@H]12.Cl
651,Cc1c(N(C)CS(=O)(=O)[O-])c(=O)n(-c2ccccc2)n1C.[Na+]
652,C=N[C@@H](C([O-])=N[C@@H]1C(=O)N2[C@@H](C(=O)O)C(C)(C)S[C@H]12)c1ccccc1.[Na+]
653,CNCC(O)c1ccc(O)c(OC)c1.Cl
654,C[C@H](N)[C@H](O)c1cccc(O)c1.O=C(O)[C@H](O)[C@@H](O)C(=O)O
655,C=C1C[C@@H](O)[C@H](/C=C/[C@@H](O)C(C)(C)CCCC)[C@H]1C/C=C\CCCC(=O)O
656,CN1C[C@H](CN=C(O)OCc2ccccc2)C[C@@H]2c3cccc4c3c(cn4C)C[C@H]21
657,CN(C)C(=N)NC(=N)N.Cl
658,CN(C)C(=N)NC(=N)N.Cl
659,CC(=O)OC(C)C[N+](C)(C)C.[Cl-]
660,CC[N+](C)(CC)CCOC(=O)C1c2ccccc2Oc2ccccc21.[Br-]
661,CN(C)CCN(Cc1cccs1)c1ccccn1.Cl
662,CC(=O)N=c1sc(S(N)(=O)=O)nn1C
663,COc1ccccc1OCC(O)COC(=N)O
664,CN(Cc1cnc2nc(=N)[nH]c(N)c2n1)c1ccc(C(=O)NC(CCC(=O)O)C(=O)O)cc1
665,CN(Cc1cnc2nc(=N)[nH]c(N)c2n1)c1ccc(C(=O)N[C@@H](CCC(=O)O)C(=O)O)cc1
666,COc1ccc(OC)c(C(O)C(C)N)c1.Cl
667,COc1c2occc2cc2ccc(=O)oc12
668,Cc1cc(C(C)(C)CC(C)(C)C)ccc1OCCOCC[N+](C)(C)Cc1ccccc1.[Cl-]
669,C[C@](N)(Cc1ccc(O)c(O)c1)C(=O)O
670,CCOC(=O)[C@@](C)(N)Cc1ccc(O)c(O)c1.Cl
671,CC[C@@H](CO)N=C(O)[C@@H]1C=C2c3cccc4[nH]cc(c34)C[C@H]2N(C)C1.O=C(O)/C=C/C(=O)O
672,C[C@H]1C[C@H]2[C@@H]3CC[C@](O)(C(=O)CO)[C@@]3(C)C[C@H](O)[C@@H]2[C@@]2(C)C=CC(=O)C=C12
673,Cc1cc2c(cc1S(N)(=O)=O)S(=O)(=O)CCC2
674,CSc1ccc2c(c1)C(N1CCN(C)CC1)Cc1ccccc1S2.O=C(O)/C=C\C(=O)O
675,CN1CCCC(CC2c3ccccc3Sc3ccccc32)C1.Cl
676,CCN(CC)CCN=C(O)c1cc(Cl)c(N)cc1OC.Cl
677,Cc1ccccc1N1C(=O)c2cc(S(N)(=O)=O)c(Cl)cc2NC1C
678,COP(=O)(OC)C(O)C(Cl)(Cl)Cl
679,CC(=O)N(C)c1c(I)c(N=C(C)O)c(I)c(C(O)=N[C@H]2C(O)O[C@H](CO)[C@@H](O)[C@@H]2O)c1I
680,Cc1ncc([N+](=O)[O-])n1CCO
681,CC(C)(C(=O)c1cccnc1)c1cccnc1
682,C[C@@]1(O)CCOC(=O)C1
683,Cc1cccc(C)c1OCC(C)N.Cl
684,CC(C)C[C@@H](C=O)N=C(O)[C@H](CC(C)C)N=C(O)[C@H](CC(C)C)N=C(O)OCc1ccccc1
685,CN1CCN2c3ccccc3Cc3ccccc3C2C1.Cl
686,Clc1ccc(COC(Cn2ccnc2)c2ccc(Cl)cc2Cl)c(Cl)c1
687,CCC(=O)OC1C(C)OC(OC2C(C)OC(O[C@@H]3[C@@H](OC)[C@H](OC(=O)CC)CC(=O)O[C@H](C)CC=CC=C[C@H](O)[C@H](C)C[C@@H]3CC=O)C(O)C2N(C)C)CC1(C)O
688,COc1ccc(OC)c(C(O)CN=C(O)CN)c1.Cl
689,CC#C[C@]1(O)CC[C@H]2[C@@H]3CCC4=CC(=O)CCC4=C3[C@@H](c3ccc(N(C)C)cc3)C[C@@]21C
690,Cc1nc(O)c(C#N)cc1-c1ccncc1
691,NC(Cn1ccc(=O)c(O)c1)C(=O)O
692,Cc1cc(-c2ccccc2)n[nH]c1=NCCN1CCOCC1.Cl.Cl
693,CN(C)c1ccc(O)c2c1C[C@H]1C[C@H]3[C@H](N(C)C)C(=O)C(C(=N)O)=C(O)[C@@]3(O)C(=O)C1=C2O.Cl
694,N=c1nc(N2CCCCC2)cc(N)n1O
695,Cl.Cl.O=C1c2c(O)ccc(O)c2C(=O)c2c(NCCNCCO)ccc(NCCNCCO)c21
696,CC(C)c1ccc2c(c1)c(SC(C)(C)C)c(CC(C)(C)C(=O)O)n2Cc1ccc(Cl)cc1
697,CCc1c(C)[nH]c2c1C(=O)C(CN1CCOCC1)CC2.Cl
698,666
699,C[C@@H]1C[C@H]2[C@@H]3CCC4=CC(=O)C=C[C@]4(C)[C@@]3(Cl)[C@@H](O)C[C@]2(C)[C@@]1(OC(=O)c1ccco1)C(=O)CCl
700,CCOC(=O)C1=C(C)N=C(S)NC1c1cccc(O)c1
701,CC[C@@]1([C@@H]2O[C@@H]([C@H]3O[C@@](O)(CO)[C@H](C)C[C@@H]3C)C[C@@H]2C)CC[C@H]([C@]2(C)CCC3(C[C@H](O)[C@@H](C)[C@@H]([C@@H](C)[C@@H](OC)[C@H](C)C(=O)[O-])O3)O2)O1.[Na+]
702,Oc1ccc(OCc2ccccc2)cc1
703,C[C@H]1C(=O)O[C@@H]2CCN3CC=C(COC(=O)[C@](C)(O)[C@]1(C)O)[C@H]23
704,C[C@@H]1C[C@H]2O[C@@H]2C=CC=CC(=O)Cc2c(Cl)c(O)cc(O)c2C(=O)O1
705,CCOC(O)=Nc1ccc2c(c1)N(C(=O)CCN1CCOCC1)c1ccccc1S2.Cl
706,Cc1ccsc1/C=C/C1=NCCCN1C.O=C(O)[C@H](O)[C@@H](O)C(=O)O
707,Cl.N=C(N)NC(=N)N1CCOCC1
708,CC(=O)Oc1cc(C(C)C)c(OCCN(C)C)cc1C.Cl
709,COc1nc(C)nc(Cl)c1NC1=NCCN1
710,Nc1ccccc1NC(=O)c1ccc(CN=C(O)OCc2cccnc2)cc1
711,COc1c(C)c2c(c(O)c1C/C=C(\C)CCC(=O)O)C(=O)OC2
712,c1cncc(C2=NCCC2)c1
713,O=c1c(O)c(-c2cc(O)c(O)c(O)c2)oc2cc(O)cc(O)c12
714,CC(O)=NC(CC(=O)O)C(=O)O
715,CC(O)=N[C@@H](CC(C)C)C(=O)O
716,CC(O)=NC1[C@@H](O)OC(CO)[C@@H](O)[C@H]1O[C@H](C)C(=O)O
717,O=C(O)c1ccccc1Nc1ccccc1
718,CNc1ncnc2c1ncn2[C@@H]1O[C@H](CO)[C@@H](O)[C@H]1O
719,COc1ccc2cc(CCC(C)=O)ccc2c1
720,N=C(O)c1ccc[n+]([C@@H]2O[C@H](COP(=O)(O)OP(=O)([O-])OC[C@H]3O[C@@H](n4cnc5c(N)ncnc54)[C@H](O)[C@@H]3O)[C@@H](O)[C@H]2O)c1
721,CC(C)(C)NCC(O)COc1cccc2c1C[C@H](O)[C@H](O)C2
722,CCOc1ccc2ccccc2c1C([O-])=N[C@@H]1C(=O)N2[C@@H](C(=O)O)C(C)(C)S[C@H]12.O.[Na+]
723,CCN(CC)CCOC(=O)C(Cc1cccc2ccccc12)CC1CCCO1.O=C(O)C(=O)O
724,CN(C/C=C/c1ccccc1)Cc1cccc2ccccc12.Cl
725,COc1ccccc1N1CCN(CC(O)COc2cccc3ccccc23)CC1.Cl.Cl
726,Cl.Oc1ccc2c3c1O[C@H]1[C@@H](O)CC[C@@]4(O)[C@@H](C2)N(CC2CCC2)CC[C@]314
727,CCn1cc(C(=O)[O-])c(=O)c2ccc(C)nc21.O.[Na+]
728,C=CCN1CC[C@]23c4c5ccc(O)c4O[C@H]2C(=O)CC[C@@]3(O)[C@H]1C5.Cl
729,Cl.O.O.O=C1CC[C@@]2(O)[C@H]3Cc4ccc(O)c5c4[C@@]2(CCN3CC2CC2)[C@H]1O5
730,C=C1[C@H]2C[C@]3([C@@H]1O)[C@H]1C[C@@H]4[C@@]5(C)CC[C@H](O)[C@@]4(C1N(CC)C5)[C@@H]3C[C@@H]2O
731,Cl.c1ccc2c(CC3=NCCN3)cccc2c1
732,COc1ccc2cc([C@@H](C)C(=O)[O-])ccc2c1.[Na+]
733,O=C1CC(c2ccc(O)cc2)Oc2cc(O)cc(O)c21
734,C[C@@H]1O[C@@H](O[C@H]2[C@H](Oc3cc(O)c4c(c3)O[C@H](c3ccc(O)cc3)CC4=O)O[C@H](CO)[C@@H](O)[C@@H]2O)[C@H](O)[C@H](O)[C@H]1O
735,CC1CC=CC=CC=CC=CC(OC2OC(C)C(O)C(N)C2O)CC2OC(O)(CC(O)CC3OC3C=CC(=O)O1)CC(O)C2C(=O)O
736,CN1CCOC(c2ccccc2)c2ccccc2C1.Cl
737,NC[C@@H]1O[C@H](O[C@@H]2[C@@H](CO)O[C@@H](O[C@@H]3[C@@H](O)[C@H](N)C[C@H](N)[C@H]3O[C@H]3O[C@H](CN)[C@@H](O)[C@H](O)[C@H]3N)[C@@H]2O)[C@H](N)[C@@H](O)[C@@H]1O
738,CN(C)C(=O)Oc1cccc([N+](C)(C)C)c1.[Br-]
739,O=C(NNCCC(O)=NCc1ccccc1)c1ccncc1
740,COC(=O)C1=C(C)NC(C)=C(C(=O)OCCN(C)Cc2ccccc2)C1c1cccc([N+](=O)[O-])c1.Cl
741,CO[C@]12C[C@@H](COC(=O)c3cncc(Br)c3)CN(C)[C@@H]1Cc1cn(C)c3cccc2c13
742,O=[N+]([O-])c1ccc(N=C(O)c2cc(Cl)ccc2O)c(Cl)c1
743,O=C(O)c1cccnc1
744,COC(=O)C1=C(C)NC(C)=C(C(=O)OC)C1c1ccccc1[N+](=O)[O-]
745,COC(=O)C1=C(C)NC(C)=C(C(=O)OC)C1c1ccccc1[N+](=O)[O-]
746,Cc1c(N=C(O)c2cccnc2)c(=O)n(-c2ccccc2)n1C
747,O=C(O)c1cccnc1Nc1cccc(C(F)(F)F)c1
748,O=C(N/N=C/c1ccc([N+](=O)[O-])o1)c1ccc(O)cc1
749,CC1CS(=O)(=O)CCN1/N=C/c1ccc([N+](=O)[O-])o1
750,CC1(C)N=C(O)N(c2ccc([N+](=O)[O-])c(C(F)(F)F)c2)C1=O
751,CS(=O)(=O)Nc1ccc([N+](=O)[O-])cc1Oc1ccccc1
752,COCCOC(=O)C1=C(C)NC(C)=C(C(=O)OC(C)C)C1c1cccc([N+](=O)[O-])c1
753,O=[N+]([O-])c1cnc(N2CCN=C2O)s1
754,CNCCC(Oc1ccccc1OC)c1ccccc1.Cl
755,CCOC(=O)C1=C(C)NC(C)=C(C(=O)OC)C1c1cccc([N+](=O)[O-])c1
756,CCOC(=O)C1=C(C)NC(C)=C(C(=O)OC)C1c1cccc([N+](=O)[O-])c1
757,N=C(O)N/N=C/c1ccc([N+](=O)[O-])o1
758,O=C1N=C(O)CN1/N=C/c1ccc([N+](=O)[O-])o1
759,CN/C(=C\[N+](=O)[O-])NCCSCc1csc(CN(C)C)n1
760,COC(O)=Nc1nc2ccc(C(=O)c3cccs3)cc2[nH]1
761,COC(O)=Nc1nc2ccc(C(=O)c3cccs3)cc2[nH]1
762,CC(=O)O[C@]1(C(C)=O)CC[C@H]2[C@@H]3C=C(C)C4=CC(=O)CC[C@@H]4[C@H]3CC[C@@]21C
763,CN1Cc2c(N)cccc2C(c2ccccc2)C1.O=C(O)/C=C\C(=O)O
764,CNCCC=C1c2ccccc2C=Cc2ccccc21
765,CC(Cc1ccc(O)c(O)c1)C(C)Cc1ccc(O)c(O)c1
766,C#C[C@]1(O)CC[C@H]2[C@@H]3CCC4=CC(=O)CC[C@@H]4[C@H]3CC[C@@]21C
767,C#C[C@]1(O)CC[C@H]2[C@@H]3CCC4=C(CCC(=O)C4)[C@H]3CC[C@@]21C
768,CCn1cc(C(=O)O)c(=O)c2cc(F)c(N3CCNCC3)cc21
769,CNCCC=C1c2ccccc2CCc2ccccc21.Cl
770,COc1ccc2c(c1OC)C(=O)O[C@@H]2[C@H]1c2c(cc3c(c2OC)OCO3)CCN1C
771,CO[C@@H]1[C@H](OC(=N)O)C(O)[C@H](Oc2ccc3c(O)c(NC(=O)c4ccc([O-])c(CC=C(C)C)c4)c(=O)oc3c2C)OC1(C)C.[Na+]
772,CS(=O)(=O)Nc1ccc([N+](=O)[O-])cc1OC1CCCCC1
773,Cc1nc(O)c2cccc(O)c2n1
774,CC1OC(OC2C=CC=CC=CC=CCCC=CC=C[C@H](C)[C@@H](O)[C@@H](C)[C@H](C)OC(=O)CC(O)CC(O)CC(O)CCC(O)C(O)C[C@]3(O)CC(O)C(C(=O)O)C(C2)O3)C(O)C(N)C1O
775,CC1COc2c(N3CCN(C)CC3)c(F)cc3c(=O)c(C(=O)O)cn1c23
776,CO[C@H]1C[C@H](O[C@@H]2[C@@H](C)C(=O)O[C@H](C)[C@H](C)[C@H](O)[C@@H](C)C(=O)[C@]3(CO3)C[C@H](C)[C@H](O[C@@H]3O[C@H](C)C[C@H](N(C)C)[C@H]3O)[C@H]2C)O[C@@H](C)[C@@H]1O.O=P(O)(O)O
777,CC[C@@H]1C=CC=CC[C@H](C)[C@@H](O)[C@](C)(O)C(=O)[C@H](C)[C@@H](O)[C@H](C)C(=O)[C@H](C)[C@@H](O)[C@H](C)C=CC(=O)O[C@H]2[C@@H](C)[C@@H](CC1)O[C@@]1(CC[C@@H](C)[C@@H](C[C@H](C)O)O1)[C@@H]2C
778,COc1ccc2nc(S(=O)Cc3ncc(C)c(OC)c3C)[nH]c2c1
779,Cc1nccn1CC1CCc2c(c3ccccc3n2C)C1=O.Cl
780,CC(C)NCC(O)c1cc(O)cc(O)c1.CC(C)NCC(O)c1cc(O)cc(O)c1.O=S(=O)(O)O
781,CCCCCCCCCCC[C@@H](C[C@@H]1OC(=O)[C@H]1CCCCCC)OC(=O)[C@H](CC(C)C)N=CO
782,Cc1ncc([N+](=O)[O-])n1CC(O)CCl
783,Cc1ccccc1C(OCCN(C)C)c1ccccc1.Cl
784,C[C@@H]1O[C@@H](O[C@H]2C[C@@H](O)[C@]3(CO)[C@H]4[C@H](O)C[C@]5(C)[C@@H](C6=CC(=O)OC6)CC[C@]5(O)[C@@H]4CC[C@]3(O)C2)[C@H](O)[C@H](O)[C@H]1O.O.O.O.O.O.O.O.O
785,NC(=O)C(=O)[O-].[Na+]
786,CC(C)NCC1CCc2cc(CO)c([N+](=O)[O-])cc2N1
787,O=C(O)CCc1nc(-c2ccccc2)c(-c2ccccc2)o1
788,CN(C(=O)CN(CCO)CC(=O)N(C)C(C)(C)Cc1ccccc1)C(C)(C)Cc1ccccc1
789,CCN(CC)CCc1nc(-c2ccccc2)no1.O=C(O)CC(O)(CC(=O)O)C(=O)O
790,CCn1cc(C(=O)O)c(=O)c2cc3c(cc21)OCO3
791,C=CCOc1ccccc1OCC(O)CNC(C)C.Cl
792,COc1ccc(C(=O)c2ccccc2)c(O)c1
793,CCCCOc1cc(C(=O)OCCN(CC)CC)ccc1N.Cl
794,CCN(CC)CC#CCOC(=O)C(O)(c1ccccc1)C1CCCCC1.Cl
795,Cc1cc(C(C)(C)C)c(O)c(C)c1CC1=NCCN1.Cl
796,CCCCC1C(=O)N(c2ccccc2)N(c2ccc(O)cc2)C1=O
797,CN(C)[C@@H]1C(=O)C(C(=N)O)=C(O)[C@@]2(O)C(=O)C3=C(O)c4c(O)cccc4[C@@](C)(O)[C@H]3[C@H](O)[C@@H]12.O.O
798,Cl.O=C(O)/C=C/c1ccc(Cn2ccnc2)cc1
799,CC(=O)O[C@H]1C(=O)[C@@]2(C)C(C(OC(=O)c3ccccc3)[C@]3(O)C[C@H](OC(=O)[C@H](O)[C@@H](N=C(O)c4ccccc4)c4ccccc4)C(C)=C1C3(C)C)[C@]1(OC(C)=O)CO[C@@H]1C[C@@H]2O
800,COc1cc2c(cc1OC)-c1cc3ccc(OC)c(OC)c3c[n+]1CC2.[Cl-]
801,CC(=O)O[C@H]1C[C@@H]2CC[C@@H]3[C@H](CC[C@@]4(C)[C@H]3C[C@H]([N+]3(C)CCCCC3)[C@@H]4OC(C)=O)[C@@]2(C)C[C@@H]1[N+]1(C)CCCCC1.[Br-].[Br-]
802,COc1ccc(Cc2nccc3cc(OC)c(OC)cc23)cc1OC.Cl
803,CC(O)=Nc1ccc(O)cc1
804,Nc1ccc(C(O)(c2ccc(N)cc2)c2ccc(N)cc2)cc1
805,CCCCc1ccc2nc(N=C(O)OC)[nH]c2c1
806,C#CCN(C)Cc1ccccc1.Cl
807,NC[C@@H]1O[C@H](O[C@@H]2[C@@H](CO)O[C@@H](O[C@@H]3[C@@H](O)[C@H](N)C[C@H](N)[C@H]3O[C@H]3O[C@H](CO)[C@@H](O)[C@H](O)[C@H]3N)[C@@H]2O)[C@H](N)[C@@H](O)[C@@H]1O.O=S(=O)(O)O
808,Fc1ccc([C@@H]2CCNC[C@H]2COc2ccc3c(c2)OCO3)cc1.O=C(O)/C=C\C(=O)O
809,C=C1C(=O)O[C@H]2[C@H]1CCC(C)=CCC[C@@]1(C)O[C@H]21
810,CN1C(C)(C)CCCC1(C)C.O=C(O)[C@H](O)[C@@H](O)C(=O)O
811,CC(C)(C)NC[C@H](O)COc1ccccc1C1CCCC1
812,N=C(N)c1ccc(OCCCCCOc2ccc(C(=N)N)cc2)cc1.O=S(=O)(O)CCO.O=S(=O)(O)CCO
813,N=C(N)c1ccc(OCCCCCOc2ccc(C(=N)N)cc2)cc1.O=S(=O)(O)CCO.O=S(=O)(O)CCO
814,O=C(O)CN(CCN(CC(=O)O)CC(=O)O)CCN(CC(=O)O)CC(=O)O
815,C1CCc2nnnn2CC1
816,C[N+]1(CCCCC[N+]2(C)CCCC2)CCCC1.O=C(O)[C@H](O)[C@@H](O)C(=O)O.O=C([O-])[C@H](O)[C@@H](O)C(=O)[O-]
817,CC(=O)CCCCn1c(=O)c2c(ncn2C)n(C)c1=O
818,CCN(CC)CCOCCOC(=O)C1(c2ccccc2)CCCC1.O=C(O)CC(O)(CC(=O)O)C(=O)O
819,CC(C)CC(O)=N[C@H](C(O)=N[C@H](C(O)=N[C@@H](CC(C)C)[C@@H](O)CC(O)=N[C@@H](C)C(O)=N[C@@H](CC(C)C)[C@@H](O)CC(=O)O)C(C)C)C(C)C
820,CCCN1C[C@H](CSC)C[C@@H]2c3cccc4[nH]cc(c34)C[C@H]21.CS(=O)(=O)O
821,C1CCC(C(CC2CCCCN2)C2CCCCC2)CC1.O=C(O)/C=C\C(=O)O
822,OCCN1CCN(CCCN2c3ccccc3Sc3ccc(Cl)cc32)CC1
823,CCOc1ccc(N=C(C)O)cc1
824,Cc1cc(=O)n(-c2ccccc2)n1C
825,Cl.N=c1ccc(N=Nc2ccccc2)c(N)[nH]1
826,NNCCc1ccccc1.O=S(=O)(O)O
827,CC(Oc1ccccc1)C([O-])=N[C@@H]1C(=O)N2[C@@H](C(=O)O)C(C)(C)S[C@H]12.[K+]
828,Cl.N=C(N)NC(=N)NCCc1ccccc1
829,Cl.N=C(N)NC(=N)NCCc1ccccc1
830,O=C1c2ccccc2C(=O)C1c1ccccc1
831,CN(C)CCC(c1ccccc1)c1ccccn1.O=C(O)/C=C\C(=O)O
832,CC(COc1ccccc1)N(CCCl)Cc1ccccc1.Cl
833,CN1C(=O)CC(c2ccccc2)C1=O
834,Cc1ccc(N(CC2=NCCN2)c2cccc(O)c2)cc1.Cl
835,Cl.N=C(N)NC(=N)Nc1ccccc1
836,C[C@@H](N)[C@@H](O)c1ccccc1.Cl
837,O=C(O)c1ccccc1C(=O)Nc1ccc(S(=O)(=O)Nc2nccs2)cc1
838,CN=C(O)Oc1ccc2c(c1)[C@]1(C)CCN(C)[C@@H]1N2C.CN=C(O)Oc1ccc2c(c1)[C@]1(C)CCN(C)[C@@H]1N2C.O=S(=O)(O)O
839,COc1ccc(C(O)=NCc2cccnc2)cc1C(O)=NCc1cccnc1.O
840,C=C(C)C1C2OC(=O)C1C1(O)CC3OC34C(=O)OC2C14C
841,CC[C@@H]1C(=O)OC[C@@H]1Cc1cncn1C.O=[N+]([O-])O
842,CN1CCC(=C2c3ccccc3Sc3ccccc32)CC1.O=C(O)/C=C\C(=O)O
843,Oc1nc2ccccc2n1C1CCN(CCCC(c2ccc(F)cc2)c2ccc(F)cc2)CC1
844,CC(NC(=NC#N)N=c1cc[nH]cc1)C(C)(C)C
845,CC(C)NCC(O)COc1cccc2[nH]ccc12
846,CCc1ccc(CCOc2ccc(CC3SC(=O)N=C3O)cc2)nc1.Cl
847,CCn1cc(C(=O)O)c(=O)c2cnc(N3CCNCC3)nc21
848,CC[N+]1(C)CCCC(OC(=O)C(O)(c2ccccc2)c2ccccc2)C1.[Br-]
849,CC(=O)c1ccc2c(c1)N(CCCN1CCC(CCO)CC1)c1ccccc1S2
850,CCN1CCCC(OC(=O)C(c2ccccc2)c2ccccc2)C1.Cl
851,O=C(/C=C/C=C/c1ccc2c(c1)OCO2)N1CCCCC1
852,COc1cc(/C=C/C(=O)N2CCC=CC2=O)cc(OC)c1OC
853,N=C(O)CN1CCCC1=O
854,Cc1nc2ccccn2c(=O)c1CCN1CCC(C(=O)c2ccc(F)cc2)CC1
855,CN1CCN(CC(=O)N2c3ccccc3C(O)=Nc3cccnc32)CC1.Cl.Cl
856,NS(=O)(=O)c1cc(C(=O)O)cc(N2CCCC2)c1Oc1ccccc1
857,Cl.c1cnc(N2CCN(Cc3ccc4c(c3)OCO4)CC2)nc1
858,Cc1cccc(N=c2cc(Cl)nc(SCC(=O)O)[nH]2)c1C
859,CS(=O)(=O)O.Cc1ccc2c(c1)c1c3n2CCNC3CCC1
860,CCn1cc(C(=O)O)c(=O)c2cnc(N3CCCC3)nc21
861,CN1C(C(O)=Nc2ccccn2)=C(O)c2ccccc2S1(=O)=O
862,CC(C)(C)C(=O)OCOC(=O)[C@@H]1N2C(=O)[C@@H](N=C(O)[C@H](N)c3ccccc3)[C@H]2SC1(C)C
863,CC(C)(C)C(=O)OCOC(=O)[C@@H]1N2C(=O)[C@@H](N=CN3CCCCCC3)[C@H]2SC1(C)C.Cl
864,CN1CCC(=C2c3ccccc3CCc3sccc32)CC1.O=C(O)CC(O)C(=O)O
865,COc1cc([C@@H]2c3cc4c(cc3[C@H](O)[C@H]3COC(=O)[C@H]23)OCO4)cc(OC)c1OC
866,CC(O)=Nc1ccc(OCC(O)CNC(C)C)cc1
867,CN1C=CC=CC1=CN=O.Cl
868,CCCCOc1ccc(OCCCN2CCOCC2)cc1.Cl
869,CC(=O)O[C@H]1CC[C@@]2(C)C(=CC[C@H]3[C@@H]4CCC(=O)[C@@]4(C)CC[C@@H]32)C1
870,O=C(C1CCCCC1)N1CC(=O)N2CCc3ccccc3C2C1
871,COc1cc2nc(N3CCN(C(=O)c4ccco4)CC3)[nH]c(=N)c2cc1OC.Cl
872,COc1cc2nc(N3CCN(C(=O)c4ccco4)CC3)[nH]c(=N)c2cc1OC.Cl
873,CCOC(=O)O[C@]1(C(=O)COC(=O)CC)CC[C@H]2[C@@H]3CCC4=CC(=O)C=C[C@]4(C)[C@H]3[C@@H](O)C[C@@]21C
874,C[C@]12C[C@H](O)[C@H]3[C@@H](CCC4=CC(=O)C=C[C@@]43C)[C@@H]1CC[C@]2(O)C(=O)CO
875,C[C@]12C[C@H](O)[C@H]3[C@@H](CCC4=CC(=O)C=C[C@@]43C)[C@@H]1CC[C@]2(O)C(=O)CO
876,C[C@]12CC(=O)[C@H]3[C@@H](CCC4=CC(=O)C=C[C@@]43C)[C@@H]1CC[C@]2(O)C(=O)CO
877,CC(=O)[C@H]1CC[C@H]2[C@@H]3CC=C4C[C@@H](O)CC[C@]4(C)[C@H]3CC[C@]12C
878,CC(Cc1ccccc1)NCCC(c1ccccc1)c1ccccc1
879,COC(O)=Nc1nc2ccc(SC(C)C)cc2[nH]1
880,CCN1CC2(COC)CC[C@H](O)[C@]34C1[C@@H](C[C@H]23)[C@@]1(O)C[C@H](OC)[C@H]2C[C@@H]4[C@@H]1[C@H]2OC(C)=O
881,COc1c2c(nc3ccccc13)OC(C(C)(O)CO)C2
882,CC(C)=CCC/C(C)=C/CC/C(C)=C/CC/C(C)=C/CC1=C(C)C(=O)c2ccccc2C1=O
883,O=C(O)C1(O)C[C@@H](O)C(O)[C@H](O)C1
884,Oc1cc(O)c2c(c1)O[C@H](c1ccc(O)c(O)c1)[C@@H](O)C2
885,COc1c2ccoc2nc2c(OC)c(OCC(O)C(C)(C)O)ccc12
886,Cn1c(-c2ccc3c(c2)OCO3)cc(=O)c2ccccc21
887,Cl.Cl.c1ccc2c3c([nH]c2c1)C1C2CCC(C4CCCNC42)N1CC3
888,CO[C@@H]1C=C2CCN(C)[C@@H]2C2c3cc4c(cc3C(=O)OC21)OCO4.O=[N+]([O-])O
889,COc1cc(C(=O)OC2CC3CCC(C2)N3C)ccc1O
890,CC(C)(C)NC[C@H](O)COc1cccc2c1CCCC2=O.Cl
891,C[C@@H]1N=C(O)N=C1O
892,C[C@H]1N=C(O)N=C1O
893,Cl.OC1CCCCC1N1CCC(c2ccccc2)CC1
894,CN1C2CC(=O)CC1C(O)C2
895,Cl.Oc1noc2c1CCNC2
896,CCN(CC)CCOC(=O)C1(c2ccc([N+](=O)[O-])cc2)CCCC1.Cl
897,CN(C)CCCSC(=N)N.Cl.Cl
898,COc1ccc2c3c([nH]c2c1)[C@H]1C[C@H]2[C@H](C[C@@H](O)[C@H](OC)[C@H]2C(=O)O)CN1CC3.Cl
899,CS(=O)(=O)O.OC(CCN1CCCCC1)(c1ccccc1)c1ccccc1
900,CCCNC(C)C(O)=Nc1ccccc1C.Cl
901,COc1cc(NC(C)CCCN)c2ncccc2c1.O=P(O)(O)O.O=P(O)(O)O
902,CCC1(c2ccccc2)C(O)=NCN=C1O
903,CCCC(C(=O)OCCN(CC)CC)(c1ccccc1)c1ccccc1.Cl
904,CCCN(CCC)S(=O)(=O)c1ccc(C(=O)O)cc1
905,CC(C)(Sc1cc(C(C)(C)C)c(O)c(C(C)(C)C)c1)Sc1cc(C(C)(C)C)c(O)c(C(C)(C)C)c1
906,CC(C)(Sc1cc(C(C)(C)C)c(O)c(C(C)(C)C)c1)Sc1cc(C(C)(C)C)c(O)c(C(C)(C)C)c1
907,CCN(CC)CCNC(=O)c1ccc(N)cc1.Cl
908,CCN(CC)CCOC(=O)c1ccc(N)cc1.Cl
909,CNNCc1ccc(C(=O)NC(C)C)cc1.Cl
910,CN1CCN(CCCN2c3ccccc3Sc3ccc(Cl)cc32)CC1.O=C(O)/C=C\C(=O)O.O=C(O)/C=C\C(=O)O
911,Cl.OC(CCN1CCCC1)(c1ccccc1)C1CCCCC1
912,CCN(CC)C(C)CN1c2ccccc2Sc2ccccc21.Cl
913,CC(=O)[C@H]1CC[C@H]2[C@@H]3CCC4=CC(=O)CC[C@]4(C)[C@H]3CC[C@]12C
914,CCCN(CCC)C(=O)C(CCC(=O)O)N=C(O)c1ccccc1
915,CC(C)NC(=N)NC(=N)Nc1ccc(Cl)cc1.Cl
916,CN(C)CCCN1c2ccccc2Sc2ccccc21.Cl
917,CC(CN1c2ccccc2Sc2ccccc21)N(C)C.Cl
918,CC(C)NCC(O)c1ccc2ccccc2c1.Cl
919,CCCNCC(O)COc1ccccc1C(=O)CCc1ccccc1.Cl
920,CC(C)[N+](C)(CCOC(=O)C1c2ccccc2Oc2ccccc21)C(C)C.[Br-]
921,CC[N+](C)(CC)CCCn1c2cc(=N)ccc-2c2ccc(N)cc2c1-c1ccccc1.I.[I-]
922,CC(C)c1cccc(C(C)C)c1O
923,CCCOc1cc(N)ccc1C(=O)OCCN(CC)CC.Cl
924,CC(C)NCC(O)COc1cccc2ccccc12.Cl
925,CCCc1cc(O)nc(S)n1
926,CC1O[C@@H](O[C@@H]2C=C3CC[C@@H]4[C@H](CC[C@]5(C)[C@@H](c6ccc(=O)oc6)CC[C@]45O)[C@@]3(C)CC2)C(O)[C@@H](O)[C@H]1O
927,CC[C@@H](C)C(=O)O[C@H]1[C@H](O)[C@H]2[C@@H](CN3C[C@@H](C)CC[C@H]3[C@@]2(C)O)[C@@H]2C[C@]34O[C@]5(O)[C@@H](OC(=O)[C@@](C)(O)CC)CC[C@@]3(C)[C@@H]5[C@@H](OC(C)=O)[C@@H](OC(C)=O)[C@H]4[C@@]21O
928,CNCCCC1c2ccccc2C=Cc2ccccc21.Cl
929,CCCOc1ccc(C(=O)OCCN(CC)CC)cc1N.Cl
930,CC(O)Cn1cnc2c1c(=O)n(C)c(=O)n2C
931,CN1[C@H]2CCC[C@@H]1CC(=O)C2.Cl
932,COc1ccc(C[C@H](N)C(O)=NC2C(CO)OC(n3cnc4c(N(C)C)ncnc43)C2O)cc1.Cl.Cl
933,CN1CCCN=C1/C=C/c1cccs1.O=C(O)[C@H](O)[C@@H](O)C(=O)O
934,N=C(O)c1cnccn1
935,Cc1ncc(CO)c(CO)c1O.Cl
936,CCc1nc(=N)[nH]c(N)c1-c1ccc(Cl)cc1
937,CCC1(CC)C(=O)C=CN=C1O
938,Cc1cc(C=Cc2ccc3cc(N(C)C)ccc3[n+]2C)c(C)n1-c1ccccc1.Cc1cc(C=Cc2ccc3cc(N(C)C)ccc3[n+]2C)c(C)n1-c1ccccc1.O=C(O)c1cc2ccccc2c(Cc2c([O-])c(C(=O)O)cc3ccccc23)c1[O-]
939,O.O.O=c1c(O)c(-c2ccc(O)c(O)c2)oc2cc(O)cc(O)c12
940,CCC1N=C(O)c2cc(S(N)(=O)=O)c(Cl)cc2N1
941,C=C[C@H]1CN2CC[C@H]1C[C@@H]2[C@@H](O)c1ccnc2ccc(OC)cc12.Cl.O
942,CCCCc1cc2ccccc2c(OCCN(C)C)n1.Cl
943,CCCN1CCC[C@@H]2Cc3n[nH]cc3C[C@H]21.Cl
944,CCCN1CCC[C@@H]2Cc3n[nH]cc3C[C@H]21.Cl
945,O=C(O)/C=C\C(=O)O.O=C(O)/C=C\C(=O)O.c1ccc2nc(N3CCNCC3)ccc2c1
946,CC(=O)SCC(Cc1ccccc1)C(O)=NCC(=O)OCc1ccccc1
947,Cl.O=C(c1ccc(OCCN2CCCCC2)cc1)c1c(-c2ccc(O)cc2)sc2cc(O)ccc12
948,Cl.O=C(c1ccc(OCCN2CCCCC2)cc1)c1c(-c2ccc(O)cc2)sc2cc(O)ccc12
949,Cc1c(NC(C)C)c(=O)n(-c2ccccc2)n1C.Cl
950,CCOC(=O)[C@H](CCc1ccccc1)N[C@@H](C)C(=O)N1[C@H](C(=O)O)C[C@@H]2CCC[C@@H]21
951,CN/C(=C\[N+](=O)[O-])NCCSCc1ccc(CN(C)C)o1.Cl
952,COC(=O)C1=CO[C@@H](C)[C@H]2CN3CCc4c([nH]c5ccccc45)[C@@H]3C[C@H]12.Cl
953,CCN1CCC[C@H]1CN=C(O)c1c(OC)ccc(Br)c1OC.Cl
954,CCOc1cc(CC(O)=N[C@@H](CC(C)C)c2ccccc2N2CCCCC2)ccc1C(=O)O
955,COC(=O)[C@H]1[C@H]2C[C@@H]3c4[nH]c5cc(OC)ccc5c4CCN3C[C@H]2C[C@@H](OC(=O)/C=C/c2cc(OC)c(OC)c(OC)c2)[C@@H]1OC
956,COC(=O)[C@H]1[C@H]2C[C@@H]3c4[nH]c5cc(OC)ccc5c4CCN3C[C@H]2C[C@@H](OC(=O)c2cc(OC)c(OC)c(OC)c2)[C@@H]1OC
957,Oc1ccc(/C=C/c2cc(O)cc(O)c2)cc1
958,Oc1ccc(/C=C/c2cc(O)cc(O)c2)cc1
959,C/C=C1/C[C@@H](C)[C@](O)(CO)C(=O)OCC2=CCN3CC[C@@H](OC1=O)[C@@H]23
960,NC(=O)c1ncn([C@@H]2O[C@H](CO)[C@@H](O)[C@H]2O)n1
961,Cc1cc2nc3c(O)nc(=O)nc-3n(C[C@H](O)[C@H](O)[C@H](O)CO)c2cc1C
962,NCC1OC(OC2C(N)CC(N)C(O)C2O[C@@H]2O[C@H](CO)[C@H](O)C2O)C(N)C(O)C1O.O=S(=O)(O)O
963,COc1ccn(C)c(=O)c1C#N
964,Cl.N=c1[nH]c2ccc(OC(F)(F)F)cc2s1
965,CCC(=O)[C@@]1(C)[C@H](C)C[C@H]2[C@@H]3CCC4=CC(=O)C=C[C@]4(C)[C@H]3[C@@H](O)C[C@@]21C
966,Cc1nc2n(c(=O)c1CCN1CCC(c3noc4cc(F)ccc34)CC1)CCCC2
967,C[C@H](NCCc1ccc(O)cc1)[C@H](O)c1ccc(O)cc1.Cl
968,CS(=O)(=O)c1ccc(C2=C(c3ccccc3)C(=O)OC2)cc1
969,COc1ccc(C2CN=C(O)C2)cc1OC1CCCC1
970,Cn1c([N+](=O)[O-])cnc1COC(=N)O
971,CN(CCOc1ccc(CC2SC(=O)N=C2O)cc1)c1ccccn1
972,C=C(C)[C@H]1Cc2c(ccc3c2O[C@@H]2COc4cc(OC)c(OC)cc4[C@@H]2C3=O)O1
973,CC(=O)c1c(O)c(C)c(O)c(Cc2c(O)c3c(c(C(=O)/C=C/c4ccccc4)c2O)OC(C)(C)C=C3)c1O
974,O=[N+]([O-])c1cc([As](=O)(O)O)ccc1O
975,CC[C@H]1OC(=O)[C@H](C)[C@@H](O[C@H]2C[C@@](C)(OC)[C@@H](O)[C@H](C)O2)[C@H](C)[C@@H](O[C@@H]2O[C@H](C)C[C@H](N(C)C)[C@H]2O)[C@](C)(O)C[C@@H](C)/C(=N\OCOCCOC)[C@H](C)[C@@H](O)[C@]1(C)O
976,CC(C)NC[C@H](O)COc1cccc2ccccc12.Cl
977,CC(C)(C)NCC(O)c1ccc(O)c(CO)c1
978,COc1cc2c(cc1OC)C(C)NCC2.Cl
979,Br.C[C@@H]1NCCc2cc(O)c(O)cc21
980,C[n+]1cc2c3c(ccc2c2ccc4cc5c(cc4c21)OCO5)OCO3
981,CC1=C2[C@H]3OC(=O)[C@@H](C)[C@@H]3CC[C@@]2(C)C=CC1=O
982,CC(C)(C)N=C(O)[C@@H]1C[C@@H]2CCCC[C@@H]2CN1C[C@@H](O)[C@H](Cc1ccccc1)N=C(O)[C@H](CC(=N)O)NC(=O)c1ccc2ccccc2n1.CS(=O)(=O)O
983,[Sc]
984,COc1ccc(-n2nc(C(F)(F)F)cc2-c2ccc(Cl)cc2)cc1
985,CS(=O)(=O)c1ccc(-n2nc(C(F)(F)F)cc2-c2ccc(F)cc2)cc1
986,CN1[C@H]2CC(OC(=O)[C@H](CO)c3ccccc3)C[C@@H]1[C@H]1O[C@@H]21.Cl
987,Br.C[N+]1([O-])[C@H]2CC(OC(=O)[C@H](CO)c3ccccc3)C[C@@H]1[C@H]1O[C@@H]21
988,COc1cc2ccc(=O)oc2cc1O
989,COc1cc2c(cc1O)C1Cc3ccc(OC)c(O)c3CN1CC2
990,O=C1c2cccc3cccc(c23)C(=O)N1CCCCCC(O)=NO
991,O=C1C=C2C=C[C@@H]3C[C@@]2(O1)[C@H]1CCCCN31
992,C#CCN(C)[C@H](C)Cc1ccccc1.Cl
993,CC1CCC(N=C(O)N(CCCl)N=O)CC1
994,C=C1C/C(=C/C)C(=O)O[C@@H]2CCN3CC=C(COC(=O)[C@]1(C)O)[C@H]23
995,Cl.NCCc1c[nH]c2ccc(O)cc12
996,Clc1ccc(C(Cn2ccnc2)OCc2csc3c(Cl)cccc23)c(Cl)c1.O=[N+]([O-])O
997,CCC(C)(C)C(=O)O[C@H]1C[C@@H](C)C=C2C=C[C@H](C)[C@H](CC[C@@H]3C[C@@H](O)CC(=O)O3)[C@H]21
998,CO[C@H]1C[C@@H]2CC[C@@H](C)[C@@](O)(O2)C(=O)C(=O)N2CCCC[C@H]2C(=O)O[C@H]([C@H](C)C[C@@H]2CC[C@@H](O)[C@H](OC)C2)CC(=O)[C@H](C)C=C(C)[C@@H](O)[C@@H](OC)C(=O)[C@H](C)C[C@H](C)C=CC=CC=C1C
999,CO[C@H]1C[C@@H]2CC[C@@H](C)[C@@](O)(O2)C(=O)C(=O)N2CCCC[C@H]2C(=O)O[C@H]([C@H](C)C[C@@H]2CC[C@@H](O)[C@H](OC)C2)CC(=O)[C@H](C)C=C(C)[C@@H](O)[C@@H](OC)C(=O)[C@H](C)C[C@H](C)C=CC=CC=C1C
1000,CNC1C(O)C(OC2C(N)CC(N)C(OC3OC(CN)=CCC3N)C2O)OCC1(C)O.CNC1C(O)C(OC2C(N)CC(N)C(OC3OC(CN)=CCC3N)C2O)OCC1(C)O.O=S(=O)(O)O.O=S(=O)(O)O.O=S(=O)(O)O.O=S(=O)(O)O.O=S(=O)(O)O
1001,CC[C@H](CC[C@@H](C)[C@H]1CC[C@H]2[C@@H]3CC=C4C[C@@H](O)CC[C@]4(C)[C@H]3CC[C@@]21C)C(C)C
1002,COc1ccc2c(OC)c3ccoc3nc2c1OC
1003,O=C([O-])CCCc1ccccc1.[Na+]
1004,CC1O[C@H](O[C@]2(O[C@H]3CC[C@@]4(C)C(=CC[C@H]5[C@@H]6C[C@H]7[C@H]([C@H](C)[C@H]8CC[C@H](C)CN78)[C@@]6(C)CC[C@@H]54)C3)C[C@@H](O[C@@H]3OC(CO)[C@@H](O)[C@@H](O)C3O)[C@@H](O)C(CO)O2)C(O)[C@@H](O)[C@H]1O
1005,C[C@H]1[C@H]2[C@H](C[C@H]3[C@@H]4CC=C5C[C@@H](O)CC[C@]5(C)[C@H]4CC[C@@]32C)O[C@]12CC[C@@H](C)CN2
1006,CC(C)NCC(O)c1ccc(NS(C)(=O)=O)cc1.Cl
1007,CC(O)=N[C@@H](CC(=O)O)C(O)=N[C@@H](CCC(=O)O)C(=O)O
1008,C1CCN2C[C@@H]3C[C@@H](CN4CCCC[C@H]34)[C@@H]2C1
1009,CN[C@H]1[C@@H](O)[C@@H](NC)[C@H](O)[C@H]2O[C@@H]3O[C@H](C)CC(=O)[C@]3(O)O[C@H]12.Cl.Cl
1010,O=C(CCCN1CCC2(CC1)C(O)=NCN2c1ccccc1)c1ccc(F)cc1
1011,CN(C(=O)Cc1ccc(Cl)c(Cl)c1)[C@H]1CC[C@@]2(CCCO2)C[C@@H]1N1CCCC1.CS(=O)(=O)O
1012,CO[C@@H]1[C@@H](O[C@H]2O[C@@H](C)[C@H](O[C@@H]3C[C@](C)(O)[C@H](O)[C@@H](C)O3)[C@@H](N(C)C)[C@@H]2O)[C@@H](CC=O)C[C@@H](C)[C@@H](O[C@H]2CC[C@H](N(C)C)[C@H](C)O2)C=CC=CC[C@@H](C)OC(=O)C[C@H]1O
1013,CC(=O)S[C@@H]1CC2=CC(=O)CC[C@]2(C)[C@H]2CC[C@@]3(C)[C@@H](CC[C@@]34CCC(=O)O4)[C@@H]21
1014,O=C1CCc2c(ccc3ccccc23)O1
1015,Br.COc1ccc(-c2ccc(=N)n(CCCC(=O)O)n2)cc1
1016,Cl.Cl.c1ccc2c(c1)CCCc1cc(=NCCN3CCOCC3)[nH]nc1-2
1017,C[N+]1(C)CCC[C@H]1C(=O)[O-].Cl
1018,CN[C@@H]1C[C@H]2O[C@@](C)([C@@H]1OC)n1c3ccccc3c3c4c(c5c6ccccc6n2c5c31)C(O)=NC4
1019,CN[C@@H]1[C@H](O[C@H]2[C@H](O[C@@H]3[C@@H](NC(=N)N)[C@H](O)[C@@H](NC(=N)N)[C@H](O)[C@H]3O)O[C@@H](C)[C@]2(O)C=O)O[C@@H](CO)[C@H](O)[C@H]1O
1020,CN(N=O)C(O)=N[C@H]1[C@@H](O)O[C@H](CO)[C@@H](O)[C@@H]1O
1021,C[C@]12CC[C@H]3[C@@H](CC[C@]4(O)C[C@@H](O)CC[C@]34C=O)[C@@]1(O)CC[C@@H]2C1=CC(=O)OC1
1022,O=C(O)CCC(=O)Nc1ccc(S(=O)(=O)Nc2nccs2)cc1
1023,Clc1ccc(CSC(Cn2ccnc2)c2ccc(Cl)cc2Cl)cc1.O=[N+]([O-])O
1024,Nc1ccc(S(=O)(=O)N=C(O)c2ccccc2)cc1
1025,CC([O-])=NS(=O)(=O)c1ccc(N)cc1.O.[Na+]
1026,Nc1ccc(S(=O)(=O)Nc2ccc(Cl)nn2)cc1
1027,Nc1ccc(S(=O)(=O)Nc2ncccn2)cc1
1028,COc1cc(NS(=O)(=O)c2ccc(N)cc2)nc(OC)n1
1029,Cc1cc(C)nc([N-]S(=O)(=O)c2ccc(N)cc2)n1.[Na+]
1030,COc1ncnc(NS(=O)(=O)c2ccc(N)cc2)c1OC
1031,Cc1noc(NS(=O)(=O)c2ccc(N)cc2)c1C
1032,N=C(N)NS(=O)(=O)c1ccc(N)cc1
1033,Cc1ccnc(NS(=O)(=O)c2ccc(N)cc2)n1
1034,Cc1nnc(NS(=O)(=O)c2ccc(N)cc2)s1
1035,Cc1cc(NS(=O)(=O)c2ccc(N)cc2)no1
1036,COc1ccc(NS(=O)(=O)c2ccc(N)cc2)nn1
1037,COc1cnc(NS(=O)(=O)c2ccc(N)cc2)nc1
1038,COc1cc(NS(=O)(=O)c2ccc(N)cc2)ncn1
1039,Nc1ccc(S(N)(=O)=O)cc1
1040,Nc1ccc(S(=O)(=O)Nc2ccnn2-c2ccccc2)cc1
1041,Nc1ccc(S(=O)(=O)Nc2ccccn2)cc1
1042,Nc1ccc(S(=O)(=O)[N-]c2cnc3ccccc3n2)cc1.[Na+]
1043,O=C(O)c1cc(N=Nc2ccc(S(=O)(=O)Nc3ccccn3)cc2)ccc1O
1044,Nc1ccc(S(=O)(=O)Nc2nccs2)cc1
1045,O=C1C(CCS(=O)c2ccccc2)C(=O)N(c2ccccc2)N1c1ccccc1
1046,CC1=C(CC(=O)O)c2cc(F)ccc2/C1=C\c1ccc(S(C)=O)cc1
1047,CSc1ccc(/C=C2/C(C)=C(CC(=O)O)c3cc(F)ccc32)cc1
1048,COc1cc(S(C)=O)ccc1-c1nc2cccnc2[nH]1
1049,CCCCCCCCNC(C)C(O)c1ccc(SC(C)C)cc1
1050,CCN1CCCC1CN=C(O)c1cc(S(N)(=O)=O)ccc1OC
1051,CC(C(=O)O)c1ccc(C(=O)c2cccs2)cc1
1052,Cc1ccc(C([O-])=Nc2ccc(S(=O)(=O)O)c3cc(S(=O)(=O)[O-])cc(S(=O)(=O)O)c23)cc1N=C([O-])c1cccc(N=C([O-])Nc2cccc(C([O-])=Nc3cc(C([O-])=Nc4ccc(S(=O)(=O)O)c5cc(S(=O)(=O)O)cc(S(=O)(=O)O)c45)ccc3C)c2)c1.[Na+].[Na+].[Na+].[Na+].[Na+].[Na+]
1053,CCCCC1(COC(=O)CCC(=O)O)C(=O)N(c2ccccc2)N(c2ccccc2)C1=O
1054,CCOC(=O)Oc1c(OC)cc(C(=O)O[C@@H]2C[C@@H]3CN4CCc5c([nH]c6cc(OC)ccc56)[C@H]4C[C@@H]3[C@H](C(=O)OC)[C@H]2OC)cc1OC
1055,Cl.N=c1c2c([nH]c3ccccc13)CCCC2.O
1056,C=CC[C@@H]1C=C(C)C[C@H](C)C[C@H](OC)[C@H]2O[C@@](O)(C(=O)C(=O)N3CCCC[C@H]3C(=O)O[C@H](/C(C)=C/[C@@H]3CC[C@@H](O)[C@H](OC)C3)[C@H](C)[C@@H](O)CC1=O)[C@H](C)C[C@@H]2OC
1057,CC1(C)S[C@@H]2[C@H](N=C(O)[C@H](N)c3ccccc3)C(=O)N2[C@H]1C(=O)OC1OC(=O)c2ccccc21.Cl
1058,CC/C(=C(\c1ccccc1)c1ccc(OCCN(C)C)cc1)c1ccccc1.O=C(O)CC(O)(CC(=O)O)C(=O)O
1059,CC/C(=C(\c1ccccc1)c1ccc(OCCN(C)C)cc1)c1ccccc1.O=C(O)CC(O)(CC(=O)O)C(=O)O
1060,C=CCNC1=C2C[C@@H](C)C[C@@H](OC)[C@@H](O)[C@H](C)C=C(C)[C@@H](OC(=N)O)[C@H](OC)C=CC=C(C)C(O)=NC(=CC1=O)C2=O
1061,Cc1scc2c1N(C(=O)CN1CCN(C)CC1)c1ccccc1N=C2O.Cl.Cl
1062,CN1C(C(O)=Nc2ccccn2)=C(O)c2sccc2S1(=O)=O
1063,COc1cc2nc(N3CCN(C(=O)C4CCCO4)CC3)[nH]c(=N)c2cc1OC.Cl
1064,CC(C)(C)NCC(O)c1cc(O)cc(O)c1.CC(C)(C)NCC(O)c1cc(O)cc(O)c1.O=S(=O)(O)O
1065,CC(C)N1CCN(c2ccc(OC[C@H]3CO[C@](Cn4cncn4)(c4ccc(Cl)cc4Cl)O3)cc2)CC1
1066,CC(C)(C)c1ccc(C(O)CCCN2CCC(C(O)(c3ccccc3)c3ccccc3)CC2)cc1
1067,CCC(=O)O[C@H]1CC[C@H]2[C@@H]3CCC4=CC(=O)CC[C@]4(C)[C@H]3CC[C@]12C
1068,CN(C)[C@@H]1C(=O)C(C(=N)O)=C(O)[C@@]2(O)C(=O)C3=C(O)c4c(O)cccc4[C@@](C)(O)[C@H]3C[C@@H]12.Cl
1069,Cl.Cl.Cl.Cl.Cl.NCCNCCNCCNCCN
1070,Cl.c1ccc(C2CN3CCSC3=N2)cc1
1071,COc1ccc2cc1Oc1ccc(cc1)C[C@H]1c3cc(c(OC)cc3CCN1C)Oc1c(OC)c(OC)cc3c1[C@H](C2)N(C)CC3
1072,O.O=C1C(O)=C(O)C(=O)C(O)=C1O
1073,Cl.c1ccc2c(c1)CCCC2C1=NCCN1
1074,O=C1N=C(O)CCC1N1C(=O)c2ccccc2C1=O
1075,C/C=C(/C)C(=O)O[C@H]1C(C)=C2[C@@H]3OC(=O)[C@@](C)(O)[C@@]3(O)[C@@H](OC(=O)CCC)C[C@](C)(OC(C)=O)[C@H]2[C@@H]1OC(=O)CCCCCCC
1076,Cn1cnc2c1c(O)nc(=O)n2C
1077,Cn1c(=O)c2nc[nH]c2n(C)c1=O.O
1078,Cn1ccnc1S
1079,Cc1ncc(C[n+]2csc(CCO)c2C)c(=N)[nH]1.Cl.[Cl-]
1080,CS(=O)(=O)c1ccc([C@@H](O)[C@@H](CO)N=C(O)C(Cl)Cl)cc1
1081,CCSc1ccc2c(c1)N(CCCN1CCN(C)CC1)c1ccccc1S2.O=C(O)CC(O)C(=O)O.O=C(O)CC(O)C(=O)O
1082,COc1c(O[C@@H]2O[C@H](CO)[C@@H](O)[C@H](O)[C@H]2O)cc2c(c1OC)-c1ccc(SC)c(=O)cc1[C@@H](N=C(C)O)CC2
1083,N=c1nc(S)c2ncn([C@@H]3O[C@H](CO)[C@@H](O)[C@H]3O)c2[nH]1
1084,SC(=NC1CCCCC1)N1CCC(c2cnc[nH]2)CC1
1085,CN1CCN(CCCN2c3ccccc3Sc3ccc(S(=O)(=O)N(C)C)cc32)CC1.CS(=O)(=O)O.CS(=O)(=O)O
1086,CSc1ccc2c(c1)N(CCC1CCCCN1C)c1ccccc1S2.Cl
1087,C=C(N=C(O)C(=C)N=C(O)c1csc(C2=NC3c4csc(n4)C4N=C(O)c5csc(n5)C(C(C)(O)C(C)O)N=C(O)C5CSC(=N5)/C(=C\C)N=C(O)C(C(C)O)N=C(O)c5csc(n5)C3(CC2)N=C(O)C(C)N=C(O)C(=C)N=C(O)C(C)N=C(O)C(C(C)CC)NC2C=Cc3c(C(C)O)cc(nc3C2O)C(=O)OC4C)n1)C(=N)O
1088,c1ccc2[nH]c(-c3cscn3)nc2c1
1089,CCN(CC)CCN=C(O)c1cc(S(C)(=O)=O)ccc1OC.Cl
1090,CC(C(=O)O)c1ccc(C(=O)c2ccccc2)s1
1091,Cl.Clc1ccccc1CN1CCc2sccc2C1
1092,CCNC1(c2cccs2)CCCCC1=O.Cl
1093,CC(C)(C)NC[C@H](O)COc1nsnc1N1CCOCC1.O=C(O)/C=C\C(=O)O
1094,CCS(=O)(=O)CCn1c([N+](=O)[O-])cnc1C
1095,N=c1nc(S)c2nc[nH]c2[nH]1
1096,O=C(O)Cc1cc(I)c(Oc2ccc(O)c(I)c2)c(I)c1
1097,NC[C@H]1O[C@H](O[C@@H]2[C@@H](N)C[C@@H](N)[C@H](O[C@H]3O[C@H](CO)[C@@H](O)[C@H](N)[C@H]3O)[C@H]2O)[C@H](N)C[C@@H]1O
1098,Cc1cccc(C)c1N=C(O)C(C)N.Cl
1099,CCOC(O)=NNc1nncc2ccccc12.Cl
1100,Cc1ccc(S(=O)(=O)NC(O)=NN2CCCCCC2)cc1
1101,Cl.c1ccc(CC2=NCCN2)cc1
1102,CCCCN=C(O)NS(=O)(=O)c1ccc(C)cc1
1103,CCCCN=C(O)NS(=O)(=O)c1ccc(C)cc1
1104,Cc1c(Cl)cccc1Nc1ccccc1C(=O)O
1105,Cc1ccc(C(=O)c2ccc(CC(=O)[O-])n2C)cc1.O.O.[Na+]
1106,Cc1cccc(N(C)C(=S)Oc2ccc3ccccc3c2)c1
1107,C[C@H]1CC[C@]2(NC1)O[C@H]1C[C@H]3[C@@H]4CC[C@H]5C[C@@H](O)CC[C@]5(C)[C@H]4CC[C@]3(C)[C@H]1[C@@H]2C
1108,CCCc1c(OCCCCc2nn[nH]n2)ccc(C(C)=O)c1O
1109,CCCCCCCCCCCCCCCC[N+](C)(C)CCN(Cc1ccc(OC)cc1)c1ncccn1.[Br-]
1110,CC1(C)O[C@@H]2CO[C@@]3(COS(N)(=O)=O)OC(C)(C)O[C@H]3[C@@H]2O1
1111,Cc1cccc(N=c2cc[nH]cc2S(=O)(=O)NC(O)=NC(C)C)c1
1112,CCCCNc1c(C(=O)OCC)c(C)nc2c1cnn2CC.Cl
1113,NCC1CCC(C(=O)O)CC1
1114,Cl.N[C@@H]1C[C@H]1c1ccccc1
1115,CCN(CC)c1cc(C)nc2ncnn12
1116,Cl.O=c1n(CCCN2CCN(c3cccc(Cl)c3)CC2)nc2ccccn12
1117,C(#CCN1CCCC1)CN1CCCC1.Cl.Cl
1118,CC1=C(/C=C/C(C)=C/C=C/C(C)=C/C(=O)O)C(C)(C)CCC1
1119,C[C@]12C[C@H](O)[C@@]3(F)[C@@H](CCC4=CC(=O)C=C[C@@]43C)[C@@H]1C[C@@H](O)[C@]2(O)C(=O)CO
1120,N=c1[nH]c2nc(=N)c(-c3ccccc3)nc-2c(N)[nH]1
1121,CCOC1O[C@H]([C@@H](COCc2ccccc2)OCc2ccccc2)[C@H](OCc2ccccc2)[C@H]1O
1122,NS(=O)(=O)c1cc2c(cc1Cl)NC(C(Cl)Cl)NS2(=O)=O
1123,CC(/C=C/C(O)=NO)=C\[C@@H](C)C(=O)c1ccc(N(C)C)cc1
1124,CC(/C=C/C(O)=NO)=C\C(C)C(=O)c1ccc(N(C)C)cc1
1125,CC[N+](CC)(CC)CCC(O)(c1ccccc1)C1CCCCC1.[Cl-]
1126,CN1CCN(CCCN2c3ccccc3Sc3ccc(C(F)(F)F)cc32)CC1.Cl.Cl
1127,CN(C)CCCN1c2ccccc2Sc2ccc(C(F)(F)F)cc21.Cl
1128,O=c1nc(O)c(C(F)(F)F)cn1[C@H]1C[C@H](O)[C@@H](CO)O1
1129,CC(=O)Oc1cc(C(F)(F)F)ccc1C(=O)O
1130,Cl.OC(CCN1CCCCC1)(c1ccccc1)C1CCCCC1
1131,COc1ccc(CN2CCNCC2)c(OC)c1OC.Cl.Cl
1132,CN1C(=O)OC(C)(C)C1=O
1133,COc1cc(C(O)=NCc2ccc(OCCN(C)C)cc2)cc(OC)c1OC.Cl
1134,COc1cc(Cc2c[nH]c(=N)[nH]c2=N)cc(OC)c1OC
1135,COc1cc2c(c(OC)c1OC)-c1ccc(O)c(=O)cc1[C@@H](N)CC2
1136,CC(CN(C)C)CN1c2ccccc2CCc2ccccc21
1137,Cc1cc2cc3c(C)cc(=O)oc3c(C)c2o1
1138,Cc1ccc(/C(=C\CN2CCCC2)c2ccccn2)cc1.Cl
1139,Cc1c(C)c2c(c(C)c1O)CCC(C)(COc1ccc(CC3SC(=O)N=C3O)cc1)O2
1140,CO[C@H]1C[C@H](O[C@@H]2[C@@H](C)C(=O)O[C@H](C)[C@H](C)[C@H](OC(C)=O)[C@@H](C)C(=O)[C@]3(CO3)C[C@H](C)[C@H](O[C@@H]3O[C@H](C)C[C@H](N(C)C)[C@H]3OC(C)=O)[C@H]2C)O[C@@H](C)[C@@H]1OC(C)=O
1141,Cc1c(C)c2c(c(C)c1O)CCC(C)(C(=O)O)O2
1142,CCN(Cc1ccncc1)C(=O)C(CO)c1ccccc1
1143,CN1C2CCC1CC(O)C2
1144,C/C(=C\c1ccc(C(=O)O)cc1)c1ccc2c(c1)C(C)(C)CCC2(C)C
1145,COc1cc2ncnc(Nc3cccc(Cl)c3)c2cc1OC
1146,COc1cc(/C=C(\C#N)C(=N)O)cc(CSc2nc3ccccc3s2)c1O
1147,[C-]#[N+]C(=C(/N)Sc1ccccc1)/C(C#N)=C(\N)Sc1ccccc1
1148,COc1ccccc1N1CCN(CCCNc2cc(=O)n(C)c(=O)n2C)CC1.Cl
1149,C[C@H](CCC(=O)O)[C@H]1CC[C@H]2[C@@H]3[C@@H](O)C[C@@H]4C[C@H](O)CC[C@]4(C)[C@H]3CC[C@@]21C
1150,C[C@@H]1[C@H]2C3=CC[C@@H]4[C@@]5(C)CC[C@H](O)C(C)(C)[C@@H]5CC[C@@]4(C)[C@]3(C)CC[C@@]2(C(=O)O)CC[C@H]1C
1151,Cc1onc(-c2ccccc2)c1-c1ccc(S(N)(=O)=O)cc1
1152,CC1OC(=O)C(C(C)C)N=C(O)C(C(C)C)OC(=O)C(C(C)C)N=C(O)C(C)OC(=O)C(C(C)C)N=C(O)C(C(C)C)OC(=O)C(C(C)C)N=C(O)C(C)OC(=O)C(C(C)C)N=C(O)C(C(C)C)OC(=O)C(C(C)C)N=C1O
1153,CCCC(CCC)C(=O)O
1154,CN[C@H](CC(C)C)C(O)=N[C@H]1C(O)=N[C@@H](CC(=N)O)C(O)=N[C@H]2C(O)=N[C@H]3C(O)=N[C@H](C(O)=N[C@H](C(=O)O)c4cc(O)cc(O)c4-c4cc3ccc4O)[C@H](O)c3ccc(c(Cl)c3)Oc3cc2cc(c3O[C@@H]2OC(CO)[C@@H](O)C(O)[C@@H]2O[C@H]2C[C@@](C)(N)[C@@H](O)C(C)O2)Oc2ccc(cc2Cl)[C@H]1O.Cl
1155,Cl.Cl.Fc1ccc(C(OCCN2CCN(CCCc3ccccc3)CC2)c2ccc(F)cc2)cc1
1156,COc1ccc(CCN(C)CCCC(C#N)(c2ccc(OC)c(OC)c2)C(C)C)cc1OC.Cl
1157,Nc1ncnc2c1ncn2[C@@H]1O[C@H](CO)[C@@H](O)[C@@H]1O
1158,C=CC(N)CCC(=O)O
1159,CC[C@]1(O)C[C@@H]2CN(CCc3c([nH]c4ccccc34)[C@@](C(=O)OC)(c3cc4c(cc3OC)N(C)[C@H]3[C@@](O)(C(=O)OC)[C@H](OC(C)=O)[C@]5(CC)C=CCN6CC[C@]43[C@@H]65)C2)C1.O=S(=O)(O)O
1160,CC[C@]12CCCN3CCc4c(n(c5ccccc45)C(=O)C1)[C@@H]32
1161,CC[C@]12CCCN3CCc4c(n(c5ccccc45)[C@@](O)(C(=O)OC)C1)[C@@H]32
1162,CCOC(=O)C1=C[C@]2(CC)CCCN3CCc4c(n1c1ccccc41)[C@@H]32
1163,N=C(O)N/C=C1\N=C(O)C(CO)N=C(O)C(CO)N=C(O)C(N=C(O)CC(N)CCCN)CN=C(O)C(C2CC(O)NC(=N)N2)N=C1O.O=S(=O)(O)O
1164,O=c1cc(-c2ccc(O)cc2)oc2c([C@@H]3O[C@H](CO)[C@@H](O)[C@H](O)[C@H]3O)c(O)cc(O)c12
1165,ON=C(O)CCCCCCC(O)=Nc1ccccc1
1166,Cl.NCCCCNS(=O)(=O)c1ccc2c(Cl)cccc2c1
1167,CC1=C(CO)C(=O)O[C@@H]([C@@H](C)[C@H]2CC[C@H]3[C@@H]4C[C@H]5O[C@]56[C@@H](O)C=CC(=O)[C@]6(C)[C@H]4CC[C@@]32C)C1
1168,COC[C@H]1OC(=O)c2coc3c2[C@@]1(C)C1=C(C3=O)[C@@H]2CCC(=O)[C@@]2(C)C[C@H]1OC(C)=O
1169,COC[C@H]1OC(=O)c2coc3c2[C@@]1(C)C1=C(C3=O)C2CCC(=O)[C@@]2(C)C[C@H]1OC(C)=O
1170,Cc1cccc(C)c1NC1=NCCCS1
1171,Cc1cc(C(C)(C)C)cc(C)c1CC1=NCCN1.Cl
1172,C[C@@H](N)C1CCC(C(=O)N=c2cc[nH]cc2)CC1
1173,O.O=C(O)[C@H]1[C@@H](O)CC[C@H]2CN3CCc4c([nH]c5ccccc45)[C@@H]3C[C@@H]21
1174,COC(=O)[C@H]1[C@@H](O)CC[C@H]2CN3CCc4c([nH]c5ccccc45)[C@@H]3C[C@@H]21.Cl
1175,N=c1ccn([C@H]2CC[C@@H](CO)O2)c(O)n1
1176,CCCOc1ccccc1-c1nc(O)c2nn[nH]c2n1
1177,COc1cc(-c2ccc(O)nn2)ccc1OC(F)F
1178,666
1179,CN(C)C/C=C(/c1ccc(Br)cc1)c1cccnc1.Cl.Cl.O
1180,Cc1cc(CC(=O)[O-])n(C)c1C(=O)c1ccc(Cl)cc1.[Na+]
1181,N=c1[nH]c2cc(Cl)ccc2o1
1182,OCCN1CCN(CC/C=C2/c3ccccc3Sc3ccc(Cl)cc32)CC1
1183,CN1CCc2cc3c(cc2[C@H]1[C@@H]1OC(=O)c2c1ccc1c2OCO1)OCO3
1184,CC[C@@]1(O)C(=O)OCc2c1cc1n(c2=O)Cc2cc3ccccc3nc2-1
1185,CC1(C)S[C@@H]2[C@H](N=C(O)C3(N)CCCCC3)C(=O)N2[C@H]1C(=O)O
1186,CC(=O)OCC(=O)[C@@]1(O)CC[C@H]2[C@@H]3CCC4=CC(=O)CC[C@]4(C)[C@@]3(F)[C@@H](O)C[C@@]21C
1187,CC(=O)O.NCCCC[C@H](N=C(O)[C@H](Cc1cnc[nH]1)N=C(O)CN)C(=O)O
1188,COc1ccc2c(c1O)-c1c(OC)c(OC)cc3c1[C@H](C2)N(C)CC3
1189,COc1cc2c3cc1Oc1cc(ccc1O)C[C@H]1c4c(cc(OC)c([O-])c4Oc4ccc(cc4)C[C@H]3N(C)CC2)CC[N+]1(C)C.Cl.Cl
1190,N=c1c2c([nH]c3ccccc13)CCCC2O.O=C(O)/C=C\C(=O)O
1191,O.Oc1cc(O)c2c(c1)O[C@H](c1ccc(O)c(O)c1)[C@@H](O)C2
1192,Cc1ccc2c(c1)C(=O)C1(O)CCN(c3ccccc3)C1=N2
1193,CC(C)Cc1ccc([C@H](C)C(=O)O)cc1
1194,O=C(O)C1CCCNC1
1195,Cl.NCC(O)c1ccc(O)cc1
1196,CNCC(O)c1ccc(O)cc1
1197,CC(C)NCC(O)COc1ccc(CC(=N)O)cc1
1198,O=C1N=C(O)CCC1N1C(=O)c2ccccc2C1=O
1199,COc1ccc(CCN(C)CCCC(C#N)(c2ccc(OC)c(OC)c2)C(C)C)cc1OC.Cl
1200,CN1Cc2c(ccc3c2OCO3)[C@H]2[C@@H](O)Cc3cc4c(cc3[C@H]21)OCO4
1201,O=C([O-])C(O)C(O)C(=O)O
1202,CCCCC(C)(C)C(O)C=CC1C(O)CC(=O)C1CC=CCCCC(=O)O
1203,O=CCC(O)C(O)C(O)CO
1204,Nc1c(O)cccc1C(=O)CC(N)C(=O)O
1205,Nc1c(O)cccc1C(=O)CC(N)C(=O)O
1206,Cc1nnc(O)nc1O
1207,CC[C@H](C)[C@H]1O[C@]2(C=C[C@@H]1C)C[C@@H]1C[C@@H](CC=C(C)[C@@H](O[C@H]3C[C@H](OC)[C@@H](O[C@H]4C[C@H](OC)[C@@H](O)[C@H](C)O4)[C@H](C)O3)[C@@H](C)C=CC=C3CO[C@@H]4[C@H](O)C(C)=C[C@@H](C(=O)O1)[C@]34O)O2
1208,CC(=O)Oc1ccccc1C(=O)O
1209,COC(=O)C1C(O)CCC2CN3CCc4c([nH]c5ccccc45)C3CC21.Cl
1210,CN(C)CCCOC1C(C(O)CO)OC2OC(C)(C)OC21.Cl
1211,C=C1[C@H](O)[C@@]23CC[C@@H]4[C@H](C(=O)[O-])C[C@@H](O[C@@H]5O[C@H](CO)[C@@H](OS(=O)(=O)[O-])[C@H](OS(=O)(=O)O)[C@H]5OC(=O)CC(C)C)C[C@@]4(C)[C@@H]2CC[C@@H]1C3.[K+].[K+]
1212,C[N+]1([O-])[C@H]2CC[C@@H]1CC(OC(=O)C(CO)c1ccccc1)C2.Cl
1213,Cn1cnc([N+](=O)[O-])c1Sc1ncnc2[nH]cnc12
1214,CC[C@H](C)[C@H](N)C1=N[C@H](C(O)=N[C@@H](CC(C)C)C(O)=N[C@H](CCC(=O)O)C(O)=N[C@H](C(O)=N[C@H]2CCCCN=C(O)[C@H](CC(=N)O)N=C(O)[C@@H](CC(=O)O)N=C(O)[C@H](Cc3cnc[nH]3)N=C(O)[C@@H](Cc3ccccc3)N=C(O)[C@H]([C@@H](C)CC)N=C(O)[C@@H](CCCN)N=C2O)[C@@H](C)CC)CS1
1215,CC1(C)S[C@@H]2[C@H](N=C(O)Cc3ccccc3)C(=O)N2[C@H]1C(=O)O
1216,CCCC(=O)O[C@@H]1[C@@H]2OP(=O)(O)OC[C@H]2O[C@H]1n1cnc2c(N=C(O)CCC)ncnc21
1217,CN1CCC23c4ccccc4NC1C21CCN(C)C3Nc2ccccc21
1218,NC(N)=NOCCC(N)C(=O)O.O.O=S(=O)(O)O
1219,CC1(C(=O)[O-])CCC2(C)CCC3(C)C(=CC(=O)C4C5(C)CCC(OC(=O)CCC(=O)[O-])C(C)(C)C5CCC43C)C2C1.[Na+].[Na+]
1220,CC(=O)OCC1=C(C(=O)O)N2C(=O)[C@@H](N=C([O-])CSc3ccncc3)[C@H]2SC1.[Na+]
1221,Cc1nnc(SCC2=C(C(=O)O)N3C(=O)[C@@H](N=C([O-])Cn4cnnn4)[C@H]3SC2)s1.[Na+]
1222,C=CC1=C(C(=O)O)N2C(=O)C(NC(=O)C(=NOCC(=O)O)c3csc(N)n3)C2SC1
1223,CC(C)(ON=C(C(=O)NC1C(=O)N2C(C(=O)[O-])=C(C[n+]3ccccc3)CSC12)c1csc(N)n1)C(=O)O.O.O.O.O.O
1224,COc1cc(-c2ccc(N=Nc3ccc4c(S(=O)(=O)[O-])cc(S(=O)(=O)[O-])c(N)c4c3O)c(OC)c2)ccc1N=Nc1ccc2c(S(=O)(=O)[O-])cc(S(=O)(=O)[O-])c(N)c2c1O.[Na+].[Na+].[Na+].[Na+]
1225,Clc1ccc(C(OCCN2CCCCC2)c2ccccc2)cc1
1226,CCC(C)(C)C1C(=O)N2CCCC2C2(O)OC(N=C(O)C3CC4c5cccc6[nH]cc(c56)CC4N(C)C3)(C(C)C)C(=O)N12
1227,O.O.O.O.O.O.[Cl-].[Cl-].[Co+2]
1228,C=C[C@@]1(C)CC(=O)[C@@]2(O)[C@](C)(O1)[C@@H](OC(C)=O)[C@@H](O)[C@H]1C(C)(C)CC[C@H](O)[C@@]12C
1229,CC1=C2N=C(C=C3N=C(C(C)=C4[N-]C(C)(C5N=C1C(C)(CCC(=O)NCC(C)OP(=O)([O-])OC1C(CO)OC(n6cnc7cc(C)c(C)cc76)C1O)C5CC(N)=O)C(C)(CC(N)=O)C4CCC(N)=O)C(C)(CC(N)=O)C3CCC(N)=O)C(C)(C)C2CCC(N)=O.[C-]#N.[Co+3]
1230,N=c1ncn([C@H]2C[C@H](O)[C@@H](CO)O2)c(O)n1
1231,COc1ccc(CCN(C)CCCC(C#N)(c2ccc(OC)c(OC)c2)C(C)C)cc1OC.Cl
1232,C[C@]12N[C@H](Cc3ccccc31)c1ccccc12
1233,CC/C=C\C/C=C\C/C=C\C/C=C\C/C=C\C/C=C\CCC(=O)O
1234,CCN1C[C@]2(C)CC[C@H](OC)[C@@]34C1[C@]1(OCO[C@@]15C[C@H](OC)[C@H]1C[C@]3(O)[C@@H]5[C@H]1OC)[C@@H](OC(C)=O)[C@H]24
1235,C[C@]12CC[C@@H]3c4ccc(O)cc4CC[C@H]3[C@@H]1CC[C@@H]2O
1236,CCC(CO)NCCNC(CC)CO.Cl
1237,Cc1onc(-c2c(F)cccc2Cl)c1C(O)=N[C@@H]1C(=O)N2[C@@H](C(=O)O)C(C)(C)S[C@H]12
1238,CC=C1C[N+]2(C)CCC34C(=C(C=O)C1CC32)Nc1ccccc14.[Cl-]
1239,Cl.O=C1OC(CN2CCOCC2)CN1N=Cc1ccc([N+](=O)[O-])o1
1240,CC(=O)O[C@H]1C[C@@]2(C)[C@@H](C[C@@H](O)[C@H]3[C@@]4(C)CC[C@@H](O)[C@@H](C)[C@@H]4CC[C@@]32C)/C1=C(\CCC=C(C)C)C(=O)[O-].[Na+]
1241,O=c1c(-c2ccc(O)cc2)coc2cc(O)cc(O)c12
1242,CC1C(=O)OC2CC34C5CC(C(C)(C)C)C36C(OC(=O)C6O)OC4(C(=O)O5)C21O
1243,CC1=NCCc2c1[nH]c1cc(O)ccc21.Cl.O.O
1244,CCC1C(C)CC2C1C=CC1C3CC=CC(=O)NCCCC4NC(=O)C(=C(O)C=CC3CC12)C4=O
1245,COc1ccc2c(c1)c(CC(=O)O)c(C)n2C(=O)c1ccc(Cl)cc1
1246,CNC(C)CCC=C(C)C
1247,COC1C(OC(C)=O)CC(=O)OC(C)CC=CC=CC(O)C(C)CC(CC=O)C1OC1OC(C)C(OC2CC(C)(O)C(OC(=O)CC(C)C)C(C)O2)C(N(C)C)C1O
1248,O=C(O)C(O)C(O)C(OC1OC(CO)C(O)C(O)C1O)C(O)CO
1249,CCC(=O)OC(Cc1ccccc1)(c1ccccc1)C(C)CN(C)C.O.O=S(=O)(O)c1ccc2ccccc2c1
1250,CCN(CC)CC(O)=Nc1c(C)cccc1C.Cl
1251,O.O=C1OC2(c3cc(Br)c([O-])cc3Oc3c2cc(Br)c([O-])c3[Hg])c2ccccc21.[Na+].[Na+]
1252,CCNC1CC(N)C(OC2OC(CN)=CCC2N)C(O)C1OC1OCC(C)(O)C(NC)C1O.CCNC1CC(N)C(OC2OC(CN)=CCC2N)C(O)C1OC1OCC(C)(O)C(NC)C1O.O=S(=O)(O)O.O=S(=O)(O)O.O=S(=O)(O)O.O=S(=O)(O)O.O=S(=O)(O)O
1253,CO[C@@H]1[C@@H](OC(=N)O)[C@@H](O)[C@H](Oc2ccc3c(O)c(NC(=O)c4ccc([O-])c(CC=C(C)C)c4)c(=O)oc3c2C)OC1(C)C.[Na+]
1254,CN1CCCN=C1C=Cc1cccc(O)c1.O=C(O)c1cc2ccccc2c(Cc2c(O)c(C(=O)O)cc3ccccc23)c1O
1255,CC(=O)OC1C(=O)C2(C)C(O)CC3OCC3(OC(C)=O)C2C(OC(=O)c2ccccc2)C2(O)CC(OC(=O)C(O)C(NC(=O)c3ccccc3)c3ccccc3)C(C)=C1C2(C)C
1256,Oc1nc2ccccc2c2ccccc12
1257,CCN1CCN(C(O)=N[C@@H](C(O)=N[C@@H]2C(=O)N3[C@@H](C(=O)O)C(C)(C)S[C@H]23)c2ccccc2)C(=O)C1=O
1258,CN1CCC2(C)c3cc(O)ccc3N(C)C12.O=C(O)/C=C/C(=O)O
1259,CC1=CC(=O)C2=C(C)CC[C@H]3[C@H](C)C(=O)O[C@@H]3[C@@H]12
1260,CCN1CC2(COC)CCC(OC)C34C5CC6C(OC)CC7(OCOC7(C(O)C23)C14)C5C6OC
1261,CC[N+]1(C)C2CCC1CC(OC(=O)C1CCC(C(=O)OC3CC4CCC(C3)[N+]4(C)CC)(c3ccccc3)c3ccccc31)C2.[Cl-].[Cl-]
1262,C=C1CC23CC4C5C6(C)CC(OC(=O)c7ccccc7)C(OC(C)=O)C57C(C2C(O)C1C(OC(C)=O)C37)N4C6
1263,COC1C=COC2(C)Oc3c(C)c(O)c4c(O)c(c5c(c4c3C2=O)NC2(CCN(CC(C)C)CC2)N=5)=NC(=O)C(C)=CC=CC(C)C(O)C(C)C(O)C(C)C(OC(C)=O)C1C
1264,COC1C=COC2(C)Oc3c(C)c(O)c4c(O)c(c(C=NN5CCN(C)CC5)c(O)c4c3C2=O)NC(=O)C(C)=CC=CC(C)C(O)C(C)C(O)C(C)C(OC(C)=O)C1C
1265,CN(C)C1C(=O)C(C(=O)NCN2CCCC2)=C(O)C2(O)C(=O)C3=C(O)c4c(O)cccc4C(C)(O)C3CC12
1266,CN(CCOc1ccc(CC2SC(=O)NC2=O)cc1)c1ccccn1.O=C(O)C=CC(=O)O
1267,Oc1ccc(-c2nc(-c3ccc(F)cc3)c(-c3ccncc3)[nH]2)cc1
1268,CS(=O)c1ccc(-c2nc(-c3ccc(F)cc3)c(-c3ccncc3)[nH]2)cc1
1269,CCN(CC)C(O)=N[C@H]1C[C@@H]2c3cccc4[nH]cc(c34)C[C@H]2N(C)C1
1270,CCCCNc1ccc(C(=O)OCCN(C)C)cc1.Cl
1271,COC(=O)C1=COC(C)C2CN3CCc4c([nH]c5ccccc45)C3CC12
1272,C1CO1.C=O.CC(C)(C)CC(C)(C)c1ccc(O)cc1
1273,C=Cc1c(C)c2cc3nc(cc4[nH]c(cc5nc(cc1[nH]2)C(C)=C5CCC(=O)O)c(CCC(=O)OC)c4C)[C@@]1(C)C3=CC=C(C(=O)OC)[C@H]1C(=O)OC
1274,O=C(O)/C=C/C(=O)O.OC(=NCCNCC(O)COc1ccc(O)cc1)N1CCOCC1.OC(=NCCNCC(O)COc1ccc(O)cc1)N1CCOCC1
